Date,USDDR,JPYDR,USDJPYDRRatio,USDJPYEXClose
2/11/18,1.50%,-0.10%,-15,108.82
2/12/18,1.50%,-0.10%,-15,108.64
2/13/18,1.50%,-0.10%,-15,107.82
2/14/18,1.50%,-0.10%,-15,107
2/15/18,1.50%,-0.10%,-15,106.11
2/16/18,1.50%,-0.10%,-15,106.3
2/17/18,1.50%,-0.10%,-15,106.3
2/18/18,1.50%,-0.10%,-15,106.17
2/19/18,1.50%,-0.10%,-15,106.59
2/20/18,1.50%,-0.10%,-15,107.31
2/21/18,1.50%,-0.10%,-15,107.76
2/22/18,1.50%,-0.10%,-15,106.74
2/23/18,1.50%,-0.10%,-15,106.88
2/24/18,1.50%,-0.10%,-15,106.88
2/25/18,1.50%,-0.10%,-15,107.09
2/26/18,1.50%,-0.10%,-15,106.92
2/27/18,1.50%,-0.10%,-15,107.31
2/28/18,1.50%,-0.10%,-15,106.67
3/1/18,1.75%,-0.10%,-17.5,106.23
3/2/18,1.75%,-0.10%,-17.5,105.73
3/3/18,1.75%,-0.10%,-17.5,105.73
3/4/18,1.75%,-0.10%,-17.5,105.54
3/5/18,1.75%,-0.10%,-17.5,106.19
3/6/18,1.75%,-0.10%,-17.5,106.11
3/7/18,1.75%,-0.10%,-17.5,106.06
3/8/18,1.75%,-0.10%,-17.5,106.2
3/9/18,1.75%,-0.10%,-17.5,106.77
3/10/18,1.75%,-0.10%,-17.5,106.77
3/11/18,1.75%,-0.10%,-17.5,106.82
3/12/18,1.75%,-0.10%,-17.5,106.41
3/13/18,1.75%,-0.10%,-17.5,106.56
3/14/18,1.75%,-0.10%,-17.5,106.32
3/15/18,1.75%,-0.10%,-17.5,106.33
3/16/18,1.75%,-0.10%,-17.5,106
3/17/18,1.75%,-0.10%,-17.5,106
3/18/18,1.75%,-0.10%,-17.5,105.96
3/19/18,1.75%,-0.10%,-17.5,106.08
3/20/18,1.75%,-0.10%,-17.5,106.53
3/21/18,1.75%,-0.10%,-17.5,106.04
3/22/18,1.75%,-0.10%,-17.5,105.26
3/23/18,1.75%,-0.10%,-17.5,104.72
3/24/18,1.75%,-0.10%,-17.5,104.72
3/25/18,1.75%,-0.10%,-17.5,104.72
3/26/18,1.75%,-0.10%,-17.5,105.4
3/27/18,1.75%,-0.10%,-17.5,105.33
3/28/18,1.75%,-0.10%,-17.5,106.85
3/29/18,1.75%,-0.10%,-17.5,106.42
3/30/18,1.75%,-0.10%,-17.5,106.26
3/31/18,1.75%,-0.10%,-17.5,106.26
4/1/18,1.75%,-0.10%,-17.5,106.28
4/2/18,1.75%,-0.10%,-17.5,105.88
4/3/18,1.75%,-0.10%,-17.5,106.59
4/4/18,1.75%,-0.10%,-17.5,106.77
4/5/18,1.75%,-0.10%,-17.5,107.37
4/6/18,1.75%,-0.10%,-17.5,106.91
4/7/18,1.75%,-0.10%,-17.5,106.91
4/8/18,1.75%,-0.10%,-17.5,106.98
4/9/18,1.75%,-0.10%,-17.5,106.75
4/10/18,1.75%,-0.10%,-17.5,107.19
4/11/18,1.75%,-0.10%,-17.5,106.78
4/12/18,1.75%,-0.10%,-17.5,107.32
4/13/18,1.75%,-0.10%,-17.5,107.33
4/14/18,1.75%,-0.10%,-17.5,107.33
4/15/18,1.75%,-0.10%,-17.5,107.5
4/16/18,1.75%,-0.10%,-17.5,107.1
4/17/18,1.75%,-0.10%,-17.5,106.99
4/18/18,1.75%,-0.10%,-17.5,107.23
4/19/18,1.75%,-0.10%,-17.5,107.36
4/20/18,1.75%,-0.10%,-17.5,107.65
4/21/18,1.75%,-0.10%,-17.5,107.65
4/22/18,1.75%,-0.10%,-17.5,107.84
4/23/18,1.75%,-0.10%,-17.5,108.7
4/24/18,1.75%,-0.10%,-17.5,108.81
4/25/18,1.75%,-0.10%,-17.5,109.41
4/26/18,1.75%,-0.10%,-17.5,109.29
4/27/18,1.75%,-0.10%,-17.5,109.03
4/28/18,1.75%,-0.10%,-17.5,109.03
4/29/18,1.75%,-0.10%,-17.5,109.1
4/30/18,1.75%,-0.10%,-17.5,109.33
5/1/18,1.75%,-0.10%,-17.5,109.85
5/2/18,1.75%,-0.10%,-17.5,109.83
5/3/18,2.00%,-0.10%,-20,109.18
5/4/18,2.00%,-0.10%,-20,109.11
5/5/18,2.00%,-0.10%,-20,109.11
5/6/18,2.00%,-0.10%,-20,109.11
5/7/18,2.00%,-0.10%,-20,109.08
5/8/18,2.00%,-0.10%,-20,109.11
5/9/18,2.00%,-0.10%,-20,109.74
5/10/18,2.00%,-0.10%,-20,109.38
5/11/18,2.00%,-0.10%,-20,109.38
5/12/18,2.00%,-0.10%,-20,109.38
5/13/18,2.00%,-0.10%,-20,109.38
5/14/18,2.00%,-0.10%,-20,109.65
5/15/18,2.00%,-0.10%,-20,110.34
5/16/18,2.00%,-0.10%,-20,110.38
5/17/18,2.00%,-0.10%,-20,110.76
5/18/18,2.00%,-0.10%,-20,110.74
5/19/18,2.00%,-0.10%,-20,110.74
5/20/18,2.00%,-0.10%,-20,110.88
5/21/18,2.00%,-0.10%,-20,111.04
5/22/18,2.00%,-0.10%,-20,110.88
5/23/18,2.00%,-0.10%,-20,110.07
5/24/18,2.00%,-0.10%,-20,109.24
5/25/18,2.00%,-0.10%,-20,109.38
5/26/18,2.00%,-0.10%,-20,109.38
5/27/18,2.00%,-0.10%,-20,109.38
5/28/18,2.00%,-0.10%,-20,109.41
5/29/18,2.00%,-0.10%,-20,108.75
5/30/18,2.00%,-0.10%,-20,108.9
5/31/18,2.00%,-0.10%,-20,108.81
6/1/18,2.00%,-0.10%,-20,109.53
6/2/18,2.00%,-0.10%,-20,109.53
6/3/18,2.00%,-0.10%,-20,109.51
6/4/18,2.00%,-0.10%,-20,109.8
6/5/18,2.00%,-0.10%,-20,109.78
6/6/18,2.00%,-0.10%,-20,110.16
6/7/18,2.00%,-0.10%,-20,109.69
6/8/18,2.00%,-0.10%,-20,109.53
6/9/18,2.00%,-0.10%,-20,109.53
6/10/18,2.00%,-0.10%,-20,109.43
6/11/18,2.00%,-0.10%,-20,110.02
6/12/18,2.00%,-0.10%,-20,110.36
6/13/18,2.00%,-0.10%,-20,110.32
6/14/18,2.00%,-0.10%,-20,110.62
6/15/18,2.00%,-0.10%,-20,110.66
6/16/18,2.00%,-0.10%,-20,110.66
6/17/18,2.00%,-0.10%,-20,110.65
6/18/18,2.00%,-0.10%,-20,110.54
6/19/18,2.00%,-0.10%,-20,110.04
6/20/18,2.00%,-0.10%,-20,110.35
6/21/18,2.00%,-0.10%,-20,109.98
6/22/18,2.00%,-0.10%,-20,109.96
6/23/18,2.00%,-0.10%,-20,109.96
6/24/18,2.00%,-0.10%,-20,109.88
6/25/18,2.00%,-0.10%,-20,109.76
6/26/18,2.00%,-0.10%,-20,110.05
6/27/18,2.00%,-0.10%,-20,110.25
6/28/18,2.00%,-0.10%,-20,110.48
6/29/18,2.00%,-0.10%,-20,110.66
6/30/18,2.00%,-0.10%,-20,110.66
7/1/18,2.00%,-0.10%,-20,110.73
7/2/18,2.00%,-0.10%,-20,110.89
7/3/18,2.00%,-0.10%,-20,110.58
7/4/18,2.00%,-0.10%,-20,110.45
7/5/18,2.00%,-0.10%,-20,110.61
7/6/18,2.00%,-0.10%,-20,110.45
7/7/18,2.00%,-0.10%,-20,110.45
7/8/18,2.00%,-0.10%,-20,110.42
7/9/18,2.00%,-0.10%,-20,110.84
7/10/18,2.00%,-0.10%,-20,110.98
7/11/18,2.00%,-0.10%,-20,112
7/12/18,2.00%,-0.10%,-20,112.55
7/13/18,2.00%,-0.10%,-20,112.36
7/14/18,2.00%,-0.10%,-20,112.36
7/15/18,2.00%,-0.10%,-20,112.43
7/16/18,2.00%,-0.10%,-20,112.28
7/17/18,2.00%,-0.10%,-20,112.85
7/18/18,2.00%,-0.10%,-20,112.83
7/19/18,2.00%,-0.10%,-20,112.45
7/20/18,2.00%,-0.10%,-20,111.39
7/21/18,2.00%,-0.10%,-20,111.39
7/22/18,2.00%,-0.10%,-20,111.2
7/23/18,2.00%,-0.10%,-20,111.33
7/24/18,2.00%,-0.10%,-20,111.19
7/25/18,2.00%,-0.10%,-20,110.97
7/26/18,2.00%,-0.10%,-20,111.22
7/27/18,2.00%,-0.10%,-20,111.03
7/28/18,2.00%,-0.10%,-20,111.03
7/29/18,2.00%,-0.10%,-20,111.03
7/30/18,2.00%,-0.10%,-20,111.06
7/31/18,2.00%,-0.10%,-20,111.86
8/1/18,2.00%,-0.10%,-20,111.71
8/2/18,2.25%,-0.10%,-22.5,111.65
8/3/18,2.25%,-0.10%,-22.5,111.25
8/4/18,2.25%,-0.10%,-22.5,111.25
8/5/18,2.25%,-0.10%,-22.5,111.23
8/6/18,2.25%,-0.10%,-22.5,111.4
8/7/18,2.25%,-0.10%,-22.5,111.37
8/8/18,2.25%,-0.10%,-22.5,110.97
8/9/18,2.25%,-0.10%,-22.5,111.07
8/10/18,2.25%,-0.10%,-22.5,110.92
8/11/18,2.25%,-0.10%,-22.5,110.92
8/12/18,2.25%,-0.10%,-22.5,110.67
8/13/18,2.25%,-0.10%,-22.5,110.71
8/14/18,2.25%,-0.10%,-22.5,111.14
8/15/18,2.25%,-0.10%,-22.5,110.73
8/16/18,2.25%,-0.10%,-22.5,110.88
8/17/18,2.25%,-0.10%,-22.5,110.49
8/18/18,2.25%,-0.10%,-22.5,110.49
8/19/18,2.25%,-0.10%,-22.5,110.52
8/20/18,2.25%,-0.10%,-22.5,110.06
8/21/18,2.25%,-0.10%,-22.5,110.29
8/22/18,2.25%,-0.10%,-22.5,110.54
8/23/18,2.25%,-0.10%,-22.5,111.28
8/24/18,2.25%,-0.10%,-22.5,111.22
8/25/18,2.25%,-0.10%,-22.5,111.22
8/26/18,2.25%,-0.10%,-22.5,111.22
8/27/18,2.25%,-0.10%,-22.5,111.08
8/28/18,2.25%,-0.10%,-22.5,111.18
8/29/18,2.25%,-0.10%,-22.5,111.65
8/30/18,2.25%,-0.10%,-22.5,110.96
8/31/18,2.25%,-0.10%,-22.5,111.02
9/1/18,2.25%,-0.10%,-22.5,111.02
9/2/18,2.25%,-0.10%,-22.5,111.15
9/3/18,2.25%,-0.10%,-22.5,111.07
9/4/18,2.25%,-0.10%,-22.5,111.48
9/5/18,2.25%,-0.10%,-22.5,111.44
9/6/18,2.25%,-0.10%,-22.5,110.48
9/7/18,2.25%,-0.10%,-22.5,110.98
9/8/18,2.25%,-0.10%,-22.5,110.98
9/9/18,2.25%,-0.10%,-22.5,110.9
9/10/18,2.25%,-0.10%,-22.5,111.11
9/11/18,2.25%,-0.10%,-22.5,111.62
9/12/18,2.25%,-0.10%,-22.5,111.25
9/13/18,2.25%,-0.10%,-22.5,111.92
9/14/18,2.25%,-0.10%,-22.5,112.04
9/15/18,2.25%,-0.10%,-22.5,112.04
9/16/18,2.25%,-0.10%,-22.5,112
9/17/18,2.25%,-0.10%,-22.5,111.83
9/18/18,2.25%,-0.10%,-22.5,112.35
9/19/18,2.25%,-0.10%,-22.5,112.27
9/20/18,2.25%,-0.10%,-22.5,112.48
9/21/18,2.25%,-0.10%,-22.5,112.56
9/22/18,2.25%,-0.10%,-22.5,112.56
9/23/18,2.25%,-0.10%,-22.5,112.5
9/24/18,2.25%,-0.10%,-22.5,112.79
9/25/18,2.25%,-0.10%,-22.5,112.97
9/26/18,2.25%,-0.10%,-22.5,112.72
9/27/18,2.25%,-0.10%,-22.5,113.36
9/28/18,2.25%,-0.10%,-22.5,113.68
9/29/18,2.25%,-0.10%,-22.5,113.68
9/30/18,2.25%,-0.10%,-22.5,113.81
10/1/18,2.25%,-0.10%,-22.5,113.91
10/2/18,2.25%,-0.10%,-22.5,113.66
10/3/18,2.25%,-0.10%,-22.5,114.53
10/4/18,2.25%,-0.10%,-22.5,113.9
10/5/18,2.25%,-0.10%,-22.5,113.7
10/6/18,2.25%,-0.10%,-22.5,113.7
10/7/18,2.25%,-0.10%,-22.5,113.7
10/8/18,2.25%,-0.10%,-22.5,113.23
10/9/18,2.25%,-0.10%,-22.5,112.94
10/10/18,2.25%,-0.10%,-22.5,112.27
10/11/18,2.25%,-0.10%,-22.5,112.16
10/12/18,2.25%,-0.10%,-22.5,112.19
10/13/18,2.25%,-0.10%,-22.5,112.19
10/14/18,2.25%,-0.10%,-22.5,112.22
10/15/18,2.25%,-0.10%,-22.5,111.76
10/16/18,2.25%,-0.10%,-22.5,112.25
10/17/18,2.25%,-0.10%,-22.5,112.64
10/18/18,2.25%,-0.10%,-22.5,112.18
10/19/18,2.25%,-0.10%,-22.5,112.54
10/20/18,2.25%,-0.10%,-22.5,112.54
10/21/18,2.25%,-0.10%,-22.5,112.43
10/22/18,2.25%,-0.10%,-22.5,112.8
10/23/18,2.25%,-0.10%,-22.5,112.43
10/24/18,2.25%,-0.10%,-22.5,112.25
10/25/18,2.25%,-0.10%,-22.5,112.4
10/26/18,2.25%,-0.10%,-22.5,111.89
10/27/18,2.25%,-0.10%,-22.5,111.89
10/28/18,2.25%,-0.10%,-22.5,111.92
10/29/18,2.25%,-0.10%,-22.5,112.36
10/30/18,2.25%,-0.10%,-22.5,113.08
10/31/18,2.25%,-0.10%,-22.5,112.93
11/1/18,2.25%,-0.10%,-22.5,112.7
11/2/18,2.25%,-0.10%,-22.5,113.18
11/3/18,2.25%,-0.10%,-22.5,113.18
11/4/18,2.25%,-0.10%,-22.5,113.14
11/5/18,2.25%,-0.10%,-22.5,113.18
11/6/18,2.25%,-0.10%,-22.5,113.42
11/7/18,2.25%,-0.10%,-22.5,113.51
11/8/18,2.25%,-0.10%,-22.5,114.06
11/9/18,2.50%,-0.10%,-25,113.79
11/10/18,2.50%,-0.10%,-25,113.79
11/11/18,2.50%,-0.10%,-25,113.79
11/12/18,2.50%,-0.10%,-25,113.83
11/13/18,2.50%,-0.10%,-25,113.8
11/14/18,2.50%,-0.10%,-25,113.61
11/15/18,2.50%,-0.10%,-25,113.62
11/16/18,2.50%,-0.10%,-25,112.82
11/17/18,2.50%,-0.10%,-25,112.68
11/18/18,2.50%,-0.10%,-25,112.68
11/19/18,2.50%,-0.10%,-25,112.54
11/20/18,2.50%,-0.10%,-25,112.75
11/21/18,2.50%,-0.10%,-25,113.05
11/22/18,2.50%,-0.10%,-25,112.93
11/23/18,2.50%,-0.10%,-25,112.94
11/24/18,2.50%,-0.10%,-25,112.94
11/25/18,2.50%,-0.10%,-25,112.89
11/26/18,2.50%,-0.10%,-25,113.59
11/27/18,2.50%,-0.10%,-25,113.77
11/28/18,2.50%,-0.10%,-25,113.68
11/29/18,2.50%,-0.10%,-25,113.47
11/30/18,2.50%,-0.10%,-25,113.46
12/1/18,2.50%,-0.10%,-25,113.76
12/2/18,2.50%,-0.10%,-25,113.76
12/3/18,2.50%,-0.10%,-25,113.65
12/4/18,2.50%,-0.10%,-25,112.77
12/5/18,2.50%,-0.10%,-25,113.19
12/6/18,2.50%,-0.10%,-25,112.66
12/7/18,2.50%,-0.10%,-25,112.72
12/8/18,2.50%,-0.10%,-25,112.72
12/9/18,2.50%,-0.10%,-25,112.46
12/10/18,2.50%,-0.10%,-25,113.33
12/11/18,2.50%,-0.10%,-25,113.37
12/12/18,2.50%,-0.10%,-25,113.27
12/13/18,2.50%,-0.10%,-25,113.62
12/14/18,2.50%,-0.10%,-25,113.37
12/15/18,2.50%,-0.10%,-25,113.37
12/16/18,2.50%,-0.10%,-25,113.37
12/17/18,2.50%,-0.10%,-25,112.82
12/18/18,2.50%,-0.10%,-25,112.51
12/19/18,2.50%,-0.10%,-25,112.47
12/20/18,2.50%,-0.10%,-25,111.28
12/21/18,2.50%,-0.10%,-25,111.21
12/22/18,2.50%,-0.10%,-25,111.21
12/23/18,2.50%,-0.10%,-25,111.18
12/24/18,2.50%,-0.10%,-25,110.43
12/25/18,2.50%,-0.10%,-25,110.27
12/26/18,2.50%,-0.10%,-25,111.35
12/27/18,2.50%,-0.10%,-25,110.99
12/28/18,2.50%,-0.10%,-25,110.26
12/29/18,2.50%,-0.10%,-25,110.26
12/30/18,2.50%,-0.10%,-25,110.34
12/31/18,2.50%,-0.10%,-25,109.56
1/1/19,2.50%,-0.10%,-25,109.71
1/2/19,2.50%,-0.10%,-25,108.87
1/3/19,2.50%,-0.10%,-25,107.65
1/4/19,2.50%,-0.10%,-25,108.52
1/5/19,2.50%,-0.10%,-25,108.52
1/6/19,2.50%,-0.10%,-25,108.52
1/7/19,2.50%,-0.10%,-25,108.7
1/8/19,2.50%,-0.10%,-25,108.73
1/9/19,2.50%,-0.10%,-25,108.16
1/10/19,2.50%,-0.10%,-25,108.42
1/11/19,2.50%,-0.10%,-25,108.54
1/12/19,2.50%,-0.10%,-25,108.54
1/13/19,2.50%,-0.10%,-25,108.47
1/14/19,2.50%,-0.10%,-25,108.16
1/15/19,2.50%,-0.10%,-25,108.66
1/16/19,2.50%,-0.10%,-25,109.08
1/17/19,2.50%,-0.10%,-25,109.23
1/18/19,2.50%,-0.10%,-25,109.76
1/19/19,2.50%,-0.10%,-25,109.76
1/20/19,2.50%,-0.10%,-25,109.71
1/21/19,2.50%,-0.10%,-25,109.66
1/22/19,2.50%,-0.10%,-25,109.36
1/23/19,2.50%,-0.10%,-25,109.59
1/24/19,2.50%,-0.10%,-25,109.63
1/25/19,2.50%,-0.10%,-25,109.53
1/26/19,2.50%,-0.10%,-25,109.53
1/27/19,2.50%,-0.10%,-25,109.48
1/28/19,2.50%,-0.10%,-25,109.34
1/29/19,2.50%,-0.10%,-25,109.38
1/30/19,2.50%,-0.10%,-25,109.02
1/31/19,2.50%,-0.10%,-25,108.87
2/1/19,2.50%,-0.10%,-25,109.48
2/2/19,2.50%,-0.10%,-25,109.48
2/3/19,2.50%,-0.10%,-25,109.44
2/4/19,2.50%,-0.10%,-25,109.88
2/5/19,2.50%,-0.10%,-25,109.96
2/6/19,2.50%,-0.10%,-25,109.96
2/7/19,2.50%,-0.10%,-25,109.8
2/8/19,2.50%,-0.10%,-25,109.72
2/9/19,2.50%,-0.10%,-25,109.72
2/10/19,2.50%,-0.10%,-25,109.85
2/11/19,2.50%,-0.10%,-25,110.36
2/12/19,2.50%,-0.10%,-25,110.48
2/13/19,2.50%,-0.10%,-25,110.99
2/14/19,2.50%,-0.10%,-25,110.47
2/15/19,2.50%,-0.10%,-25,110.48
2/16/19,2.50%,-0.10%,-25,110.48
2/17/19,2.50%,-0.10%,-25,110.5
2/18/19,2.50%,-0.10%,-25,110.6
2/19/19,2.50%,-0.10%,-25,110.61
2/20/19,2.50%,-0.10%,-25,110.85
2/21/19,2.50%,-0.10%,-25,110.69
2/22/19,2.50%,-0.10%,-25,110.68
2/23/19,2.50%,-0.10%,-25,110.68
2/24/19,2.50%,-0.10%,-25,110.78
2/25/19,2.50%,-0.10%,-25,111.06
2/26/19,2.50%,-0.10%,-25,110.57
2/27/19,2.50%,-0.10%,-25,110.98
2/28/19,2.50%,-0.10%,-25,111.37
3/1/19,2.50%,-0.10%,-25,111.9
3/2/19,2.50%,-0.10%,-25,111.9
3/3/19,2.50%,-0.10%,-25,111.95
3/4/19,2.50%,-0.10%,-25,111.74
3/5/19,2.50%,-0.10%,-25,111.89
3/6/19,2.50%,-0.10%,-25,111.75
3/7/19,2.50%,-0.10%,-25,111.58
3/8/19,2.50%,-0.10%,-25,111.15
3/9/19,2.50%,-0.10%,-25,111.15
3/10/19,2.50%,-0.10%,-25,111.13
3/11/19,2.50%,-0.10%,-25,111.19
3/12/19,2.50%,-0.10%,-25,111.35
3/13/19,2.50%,-0.10%,-25,111.15
3/14/19,2.50%,-0.10%,-25,111.7
3/15/19,2.50%,-0.10%,-25,111.45
3/16/19,2.50%,-0.10%,-25,111.45
3/17/19,2.50%,-0.10%,-25,111.45
3/18/19,2.50%,-0.10%,-25,111.42
3/19/19,2.50%,-0.10%,-25,111.37
3/20/19,2.50%,-0.10%,-25,110.68
3/21/19,2.50%,-0.10%,-25,110.8
3/22/19,2.50%,-0.10%,-25,109.91
3/23/19,2.50%,-0.10%,-25,109.91
3/24/19,2.50%,-0.10%,-25,110.09
3/25/19,2.50%,-0.10%,-25,109.95
3/26/19,2.50%,-0.10%,-25,110.62
3/27/19,2.50%,-0.10%,-25,110.51
3/28/19,2.50%,-0.10%,-25,110.62
3/29/19,2.50%,-0.10%,-25,110.84
3/30/19,2.50%,-0.10%,-25,110.84
3/31/19,2.50%,-0.10%,-25,110.95
4/1/19,2.50%,-0.10%,-25,111.34
4/2/19,2.50%,-0.10%,-25,111.31
4/3/19,2.50%,-0.10%,-25,111.47
4/4/19,2.50%,-0.10%,-25,111.65
4/5/19,2.50%,-0.10%,-25,111.73
4/6/19,2.50%,-0.10%,-25,111.73
4/7/19,2.50%,-0.10%,-25,111.71
4/8/19,2.50%,-0.10%,-25,111.47
4/9/19,2.50%,-0.10%,-25,111.12
4/10/19,2.50%,-0.10%,-25,111
4/11/19,2.50%,-0.10%,-25,111.65
4/12/19,2.50%,-0.10%,-25,112.02
4/13/19,2.50%,-0.10%,-25,112.02
4/14/19,2.50%,-0.10%,-25,112.05
4/15/19,2.50%,-0.10%,-25,112.03
4/16/19,2.50%,-0.10%,-25,111.99
4/17/19,2.50%,-0.10%,-25,112.05
4/18/19,2.50%,-0.10%,-25,111.96
4/19/19,2.50%,-0.10%,-25,111.91
4/20/19,2.50%,-0.10%,-25,111.91
4/21/19,2.50%,-0.10%,-25,111.91
4/22/19,2.50%,-0.10%,-25,111.93
4/23/19,2.50%,-0.10%,-25,111.86
4/24/19,2.50%,-0.10%,-25,112.17
4/25/19,2.50%,-0.10%,-25,111.62
4/26/19,2.50%,-0.10%,-25,111.58
4/27/19,2.50%,-0.10%,-25,111.58
4/28/19,2.50%,-0.10%,-25,111.6
4/29/19,2.50%,-0.10%,-25,111.63
4/30/19,2.50%,-0.10%,-25,111.41
5/1/19,2.50%,-0.10%,-25,111.37
5/2/19,2.50%,-0.10%,-25,111.5
5/3/19,2.50%,-0.10%,-25,111.09
5/4/19,2.50%,-0.10%,-25,111.09
5/5/19,2.50%,-0.10%,-25,110.82
5/6/19,2.50%,-0.10%,-25,110.76
5/7/19,2.50%,-0.10%,-25,110.24
5/8/19,2.50%,-0.10%,-25,110.1
5/9/19,2.50%,-0.10%,-25,109.75
5/10/19,2.50%,-0.10%,-25,109.94
5/11/19,2.50%,-0.10%,-25,109.94
5/12/19,2.50%,-0.10%,-25,109.66
5/13/19,2.50%,-0.10%,-25,109.3
5/14/19,2.50%,-0.10%,-25,109.59
5/15/19,2.50%,-0.10%,-25,109.58
5/16/19,2.50%,-0.10%,-25,109.84
5/17/19,2.50%,-0.10%,-25,110.07
5/18/19,2.50%,-0.10%,-25,110.07
5/19/19,2.50%,-0.10%,-25,110.12
5/20/19,2.50%,-0.10%,-25,110.05
5/21/19,2.50%,-0.10%,-25,110.49
5/22/19,2.50%,-0.10%,-25,110.34
5/23/19,2.50%,-0.10%,-25,109.59
5/24/19,2.50%,-0.10%,-25,109.29
5/25/19,2.50%,-0.10%,-25,109.29
5/26/19,2.50%,-0.10%,-25,109.38
5/27/19,2.50%,-0.10%,-25,109.5
5/28/19,2.50%,-0.10%,-25,109.36
5/29/19,2.50%,-0.10%,-25,109.58
5/30/19,2.50%,-0.10%,-25,109.6
5/31/19,2.50%,-0.10%,-25,108.26
6/1/19,2.50%,-0.10%,-25,108.26
6/2/19,2.50%,-0.10%,-25,108.24
6/3/19,2.50%,-0.10%,-25,108.06
6/4/19,2.50%,-0.10%,-25,108.14
6/5/19,2.50%,-0.10%,-25,108.45
6/6/19,2.50%,-0.10%,-25,108.4
6/7/19,2.50%,-0.10%,-25,108.18
6/8/19,2.50%,-0.10%,-25,108.18
6/9/19,2.50%,-0.10%,-25,108.45
6/10/19,2.50%,-0.10%,-25,108.43
6/11/19,2.50%,-0.10%,-25,108.5
6/12/19,2.50%,-0.10%,-25,108.49
6/13/19,2.50%,-0.10%,-25,108.37
6/14/19,2.50%,-0.10%,-25,108.55
6/15/19,2.50%,-0.10%,-25,108.55
6/16/19,2.50%,-0.10%,-25,108.54
6/17/19,2.50%,-0.10%,-25,108.55
6/18/19,2.50%,-0.10%,-25,108.44
6/19/19,2.50%,-0.10%,-25,108.09
6/20/19,2.25%,-0.10%,-22.5,107.29
6/21/19,2.25%,-0.10%,-22.5,107.3
6/22/19,2.25%,-0.10%,-22.5,107.3
6/23/19,2.25%,-0.10%,-22.5,107.33
6/24/19,2.25%,-0.10%,-22.5,107.28
6/25/19,2.25%,-0.10%,-22.5,107.17
6/26/19,2.25%,-0.10%,-22.5,107.77
6/27/19,2.25%,-0.10%,-22.5,107.78
6/28/19,2.25%,-0.10%,-22.5,107.88
6/29/19,2.25%,-0.10%,-22.5,107.88
6/30/19,2.25%,-0.10%,-22.5,108.38
7/1/19,2.25%,-0.10%,-22.5,108.43
7/2/19,2.25%,-0.10%,-22.5,107.88
7/3/19,2.25%,-0.10%,-22.5,107.82
7/4/19,2.25%,-0.10%,-22.5,107.79
7/5/19,2.25%,-0.10%,-22.5,108.45
7/6/19,2.25%,-0.10%,-22.5,108.45
7/7/19,2.25%,-0.10%,-22.5,108.5
7/8/19,2.25%,-0.10%,-22.5,108.71
7/9/19,2.25%,-0.10%,-22.5,108.84
7/10/19,2.25%,-0.10%,-22.5,108.46
7/11/19,2.25%,-0.10%,-22.5,108.48
7/12/19,2.25%,-0.10%,-22.5,107.89
7/13/19,2.25%,-0.10%,-22.5,107.89
7/14/19,2.25%,-0.10%,-22.5,107.88
7/15/19,2.25%,-0.10%,-22.5,107.9
7/16/19,2.25%,-0.10%,-22.5,108.22
7/17/19,2.25%,-0.10%,-22.5,107.94
7/18/19,2.25%,-0.10%,-22.5,107.29
7/19/19,2.25%,-0.10%,-22.5,107.7
7/20/19,2.25%,-0.10%,-22.5,107.7
7/21/19,2.25%,-0.10%,-22.5,107.79
7/22/19,2.25%,-0.10%,-22.5,107.86
7/23/19,2.25%,-0.10%,-22.5,108.21
7/24/19,2.25%,-0.10%,-22.5,108.17
7/25/19,2.25%,-0.10%,-22.5,108.62
7/26/19,2.25%,-0.10%,-22.5,108.66
7/27/19,2.25%,-0.10%,-22.5,108.66
7/28/19,2.25%,-0.10%,-22.5,108.59
7/29/19,2.25%,-0.10%,-22.5,108.77
7/30/19,2.25%,-0.10%,-22.5,108.59
7/31/19,2.25%,-0.10%,-22.5,108.74
8/1/19,2.25%,-0.10%,-22.5,107.33
8/2/19,2.25%,-0.10%,-22.5,106.58
8/3/19,2.25%,-0.10%,-22.5,106.58
8/4/19,2.25%,-0.10%,-22.5,106.56
8/5/19,2.25%,-0.10%,-22.5,105.94
8/6/19,2.25%,-0.10%,-22.5,106.47
8/7/19,2.25%,-0.10%,-22.5,106.26
8/8/19,2.25%,-0.10%,-22.5,106.06
8/9/19,2.25%,-0.10%,-22.5,105.66
8/10/19,2.25%,-0.10%,-22.5,105.66
8/11/19,2.25%,-0.10%,-22.5,105.37
8/12/19,2.25%,-0.10%,-22.5,105.29
8/13/19,2.25%,-0.10%,-22.5,106.73
8/14/19,2.25%,-0.10%,-22.5,105.89
8/15/19,2.25%,-0.10%,-22.5,106.11
8/16/19,2.25%,-0.10%,-22.5,106.36
8/17/19,2.25%,-0.10%,-22.5,106.36
8/18/19,2.25%,-0.10%,-22.5,106.44
8/19/19,2.25%,-0.10%,-22.5,106.62
8/20/19,2.25%,-0.10%,-22.5,106.22
8/21/19,2.25%,-0.10%,-22.5,106.61
8/22/19,2.25%,-0.10%,-22.5,106.42
8/23/19,2.25%,-0.10%,-22.5,105.39
8/24/19,2.25%,-0.10%,-22.5,105.39
8/25/19,2.25%,-0.10%,-22.5,104.92
8/26/19,2.25%,-0.10%,-22.5,106.12
8/27/19,2.25%,-0.10%,-22.5,105.72
8/28/19,2.25%,-0.10%,-22.5,106.11
8/29/19,2.25%,-0.10%,-22.5,106.5
8/30/19,2.25%,-0.10%,-22.5,106.29
8/31/19,2.25%,-0.10%,-22.5,106.29
9/1/19,2.00%,-0.10%,-20,106.12
9/2/19,2.00%,-0.10%,-20,106.21
9/3/19,2.00%,-0.10%,-20,105.92
9/4/19,2.00%,-0.10%,-20,106.38
9/5/19,2.00%,-0.10%,-20,106.92
9/6/19,2.00%,-0.10%,-20,106.9
9/7/19,2.00%,-0.10%,-20,106.9
9/8/19,2.00%,-0.10%,-20,106.96
9/9/19,2.00%,-0.10%,-20,107.23
9/10/19,2.00%,-0.10%,-20,107.53
9/11/19,2.00%,-0.10%,-20,107.81
9/12/19,2.00%,-0.10%,-20,108.09
9/13/19,2.00%,-0.10%,-20,108.07
9/14/19,2.00%,-0.10%,-20,108.07
9/15/19,2.00%,-0.10%,-20,107.79
9/16/19,2.00%,-0.10%,-20,108.12
9/17/19,2.00%,-0.10%,-20,108.12
9/18/19,2.00%,-0.10%,-20,108.44
9/19/19,1.75%,-0.10%,-17.5,108
9/20/19,1.75%,-0.10%,-17.5,107.55
9/21/19,1.75%,-0.10%,-17.5,107.55
9/22/19,1.75%,-0.10%,-17.5,107.72
9/23/19,1.75%,-0.10%,-17.5,107.54
9/24/19,1.75%,-0.10%,-17.5,107.05
9/25/19,1.75%,-0.10%,-17.5,107.76
9/26/19,1.75%,-0.10%,-17.5,107.82
9/27/19,1.75%,-0.10%,-17.5,107.92
9/28/19,1.75%,-0.10%,-17.5,107.92
9/29/19,1.75%,-0.10%,-17.5,107.92
9/30/19,1.75%,-0.10%,-17.5,108.06
10/1/19,1.75%,-0.10%,-17.5,107.74
10/2/19,1.75%,-0.10%,-17.5,107.17
10/3/19,1.75%,-0.10%,-17.5,106.9
10/4/19,1.75%,-0.10%,-17.5,106.93
10/5/19,1.75%,-0.10%,-17.5,106.93
10/6/19,1.75%,-0.10%,-17.5,106.79
10/7/19,1.75%,-0.10%,-17.5,107.28
10/8/19,1.75%,-0.10%,-17.5,107.07
10/9/19,1.75%,-0.10%,-17.5,107.46
10/10/19,1.75%,-0.10%,-17.5,107.96
10/11/19,1.75%,-0.10%,-17.5,108.4
10/12/19,1.75%,-0.10%,-17.5,108.4
10/13/19,1.75%,-0.10%,-17.5,108.47
10/14/19,1.75%,-0.10%,-17.5,108.38
10/15/19,1.75%,-0.10%,-17.5,108.84
10/16/19,1.75%,-0.10%,-17.5,108.75
10/17/19,1.75%,-0.10%,-17.5,108.65
10/18/19,1.75%,-0.10%,-17.5,108.38
10/19/19,1.75%,-0.10%,-17.5,108.38
10/20/19,1.75%,-0.10%,-17.5,108.38
10/21/19,1.75%,-0.10%,-17.5,108.59
10/22/19,1.75%,-0.10%,-17.5,108.47
10/23/19,1.75%,-0.10%,-17.5,108.68
10/24/19,1.75%,-0.10%,-17.5,108.61
10/25/19,1.75%,-0.10%,-17.5,108.64
10/26/19,1.75%,-0.10%,-17.5,108.64
10/27/19,1.75%,-0.10%,-17.5,108.7
10/28/19,1.75%,-0.10%,-17.5,108.94
10/29/19,1.75%,-0.10%,-17.5,108.87
10/30/19,1.75%,-0.10%,-17.5,108.83
10/31/19,1.75%,-0.10%,-17.5,108.02
11/1/19,1.75%,-0.10%,-17.5,108.17
11/2/19,1.75%,-0.10%,-17.5,108.17
11/3/19,1.75%,-0.10%,-17.5,108.23
11/4/19,1.75%,-0.10%,-17.5,108.56
11/5/19,1.75%,-0.10%,-17.5,109.15
11/6/19,1.75%,-0.10%,-17.5,108.96
11/7/19,1.75%,-0.10%,-17.5,109.27
11/8/19,1.75%,-0.10%,-17.5,109.27
11/9/19,1.75%,-0.10%,-17.5,109.27
11/10/19,1.75%,-0.10%,-17.5,109.24
11/11/19,1.75%,-0.10%,-17.5,109.04
11/12/19,1.75%,-0.10%,-17.5,109
11/13/19,1.75%,-0.10%,-17.5,108.81
11/14/19,1.75%,-0.10%,-17.5,108.48
11/15/19,1.75%,-0.10%,-17.5,108.78
11/16/19,1.75%,-0.10%,-17.5,108.78
11/17/19,1.75%,-0.10%,-17.5,108.7
11/18/19,1.75%,-0.10%,-17.5,108.65
11/19/19,1.75%,-0.10%,-17.5,108.48
11/20/19,1.75%,-0.10%,-17.5,108.52
11/21/19,1.75%,-0.10%,-17.5,108.59
11/22/19,1.75%,-0.10%,-17.5,108.64
11/23/19,1.75%,-0.10%,-17.5,108.64
11/24/19,1.75%,-0.10%,-17.5,108.72
11/25/19,1.75%,-0.10%,-17.5,108.98
11/26/19,1.75%,-0.10%,-17.5,109.08
11/27/19,1.75%,-0.10%,-17.5,109.39
11/28/19,1.75%,-0.10%,-17.5,109.52
11/29/19,1.75%,-0.10%,-17.5,109.49
11/30/19,1.75%,-0.10%,-17.5,109.49
12/1/19,1.75%,-0.10%,-17.5,109.54
12/2/19,1.75%,-0.10%,-17.5,108.98
12/3/19,1.75%,-0.10%,-17.5,108.63
12/4/19,1.75%,-0.10%,-17.5,108.83
12/5/19,1.75%,-0.10%,-17.5,108.75
12/6/19,1.75%,-0.10%,-17.5,108.58
12/7/19,1.75%,-0.10%,-17.5,108.58
12/8/19,1.75%,-0.10%,-17.5,108.62
12/9/19,1.75%,-0.10%,-17.5,108.61
12/10/19,1.75%,-0.10%,-17.5,108.79
12/11/19,1.75%,-0.10%,-17.5,108.55
12/12/19,1.75%,-0.10%,-17.5,109.42
12/13/19,1.75%,-0.10%,-17.5,109.34
12/14/19,1.75%,-0.10%,-17.5,109.34
12/15/19,1.75%,-0.10%,-17.5,109.42
12/16/19,1.75%,-0.10%,-17.5,109.61
12/17/19,1.75%,-0.10%,-17.5,109.51
12/18/19,1.75%,-0.10%,-17.5,109.56
12/19/19,1.75%,-0.10%,-17.5,109.37
12/20/19,1.75%,-0.10%,-17.5,109.45
12/21/19,1.75%,-0.10%,-17.5,109.45
12/22/19,1.75%,-0.10%,-17.5,109.52
12/23/19,1.75%,-0.10%,-17.5,109.39
12/24/19,1.75%,-0.10%,-17.5,109.39
12/25/19,1.75%,-0.10%,-17.5,109.35
12/26/19,1.75%,-0.10%,-17.5,109.56
12/27/19,1.75%,-0.10%,-17.5,109.46
12/28/19,1.75%,-0.10%,-17.5,109.46
12/29/19,1.75%,-0.10%,-17.5,109.44
12/30/19,1.75%,-0.10%,-17.5,108.87
12/31/19,1.75%,-0.10%,-17.5,108.65
1/1/20,1.75%,-0.10%,-17.5,108.6
1/2/20,1.75%,-0.10%,-17.5,108.6
1/3/20,1.75%,-0.10%,-17.5,108.11
1/4/20,1.75%,-0.10%,-17.5,108.11
1/5/20,1.75%,-0.10%,-17.5,107.9
1/6/20,1.75%,-0.10%,-17.5,108.38
1/7/20,1.75%,-0.10%,-17.5,107.9
1/8/20,1.75%,-0.10%,-17.5,109.07
1/9/20,1.75%,-0.10%,-17.5,109.52
1/10/20,1.75%,-0.10%,-17.5,109.49
1/11/20,1.75%,-0.10%,-17.5,109.49
1/12/20,1.75%,-0.10%,-17.5,109.59
1/13/20,1.75%,-0.10%,-17.5,109.94
1/14/20,1.75%,-0.10%,-17.5,109.86
1/15/20,1.75%,-0.10%,-17.5,109.88
1/16/20,1.75%,-0.10%,-17.5,110.22
1/17/20,1.75%,-0.10%,-17.5,110.1
1/18/20,1.75%,-0.10%,-17.5,110.1
1/19/20,1.75%,-0.10%,-17.5,110.18
1/20/20,1.75%,-0.10%,-17.5,110.17
1/21/20,1.75%,-0.10%,-17.5,109.91
1/22/20,1.75%,-0.10%,-17.5,109.76
1/23/20,1.75%,-0.10%,-17.5,109.55
1/24/20,1.75%,-0.10%,-17.5,109.27
1/25/20,1.75%,-0.10%,-17.5,109.27
1/26/20,1.75%,-0.10%,-17.5,108.8
1/27/20,1.75%,-0.10%,-17.5,108.95
1/28/20,1.75%,-0.10%,-17.5,109.15
1/29/20,1.75%,-0.10%,-17.5,109.02
1/30/20,1.75%,-0.10%,-17.5,108.91
1/31/20,1.75%,-0.10%,-17.5,108.36
2/1/20,1.75%,-0.10%,-17.5,108.36
2/2/20,1.75%,-0.10%,-17.5,108.39
2/3/20,1.75%,-0.10%,-17.5,108.61
2/4/20,1.75%,-0.10%,-17.5,109.46
2/5/20,1.75%,-0.10%,-17.5,109.79
2/6/20,1.75%,-0.10%,-17.5,109.97
2/7/20,1.75%,-0.10%,-17.5,109.76
2/8/20,1.75%,-0.10%,-17.5,109.76
2/9/20,1.75%,-0.10%,-17.5,109.61
2/10/20,1.75%,-0.10%,-17.5,109.77
2/11/20,1.75%,-0.10%,-17.5,109.84
2/12/20,1.75%,-0.10%,-17.5,110.07
2/13/20,1.75%,-0.10%,-17.5,109.77
2/14/20,1.75%,-0.10%,-17.5,109.78
2/15/20,1.75%,-0.10%,-17.5,109.78
2/16/20,1.75%,-0.10%,-17.5,109.83
2/17/20,1.75%,-0.10%,-17.5,109.85
2/18/20,1.75%,-0.10%,-17.5,109.88
2/19/20,1.75%,-0.10%,-17.5,111.23
2/20/20,1.75%,-0.10%,-17.5,112.03
2/21/20,1.75%,-0.10%,-17.5,111.49
2/22/20,1.75%,-0.10%,-17.5,111.49
2/23/20,1.75%,-0.10%,-17.5,111.6
2/24/20,1.75%,-0.10%,-17.5,110.81
2/25/20,1.75%,-0.10%,-17.5,110.27
2/26/20,1.75%,-0.10%,-17.5,110.41
2/27/20,1.75%,-0.10%,-17.5,109.62
2/28/20,1.75%,-0.10%,-17.5,107.5
2/29/20,1.75%,-0.10%,-17.5,107.5
3/1/20,1.25%,-0.10%,-12.5,107.73
3/2/20,1.25%,-0.10%,-12.5,108.29
3/3/20,1.25%,-0.10%,-12.5,107
3/4/20,0.25%,-0.10%,-2.5,107.62
3/5/20,0.25%,-0.10%,-2.5,106.16
3/6/20,0.25%,-0.10%,-2.5,105.32
3/7/20,0.25%,-0.10%,-2.5,105.32
3/8/20,0.25%,-0.10%,-2.5,103.92
3/9/20,0.25%,-0.10%,-2.5,102.96
3/10/20,0.25%,-0.10%,-2.5,105.03
3/11/20,0.25%,-0.10%,-2.5,104.6
3/12/20,0.25%,-0.10%,-2.5,104.58
3/13/20,0.25%,-0.10%,-2.5,108
3/14/20,0.25%,-0.10%,-2.5,108
3/15/20,0.25%,-0.10%,-2.5,106.15
3/16/20,0.25%,-0.10%,-2.5,106.22
3/17/20,0.25%,-0.10%,-2.5,107.33
3/18/20,0.25%,-0.10%,-2.5,108.29
3/19/20,0.25%,-0.10%,-2.5,111.32
3/20/20,0.25%,-0.10%,-2.5,110.68
3/21/20,0.25%,-0.10%,-2.5,110.68
3/22/20,0.25%,-0.10%,-2.5,110.76
3/23/20,0.25%,-0.10%,-2.5,110.88
3/24/20,0.25%,-0.10%,-2.5,111.07
3/25/20,0.25%,-0.10%,-2.5,110.91
3/26/20,0.25%,-0.10%,-2.5,109.27
3/27/20,0.25%,-0.10%,-2.5,107.96
3/28/20,0.25%,-0.10%,-2.5,107.96
3/29/20,0.25%,-0.10%,-2.5,107.55
3/30/20,0.25%,-0.10%,-2.5,108.13
3/31/20,0.25%,-0.10%,-2.5,107.47
4/1/20,0.25%,-0.10%,-2.5,107.23
4/2/20,0.25%,-0.10%,-2.5,108.02
4/3/20,0.25%,-0.10%,-2.5,108.48
4/4/20,0.25%,-0.10%,-2.5,108.48
4/5/20,0.25%,-0.10%,-2.5,108.63
4/6/20,0.25%,-0.10%,-2.5,109.18
4/7/20,0.25%,-0.10%,-2.5,108.7
4/8/20,0.25%,-0.10%,-2.5,108.97
4/9/20,0.25%,-0.10%,-2.5,108.56
4/10/20,0.25%,-0.10%,-2.5,108.42
4/11/20,0.25%,-0.10%,-2.5,108.42
4/12/20,0.25%,-0.10%,-2.5,108.32
4/13/20,0.25%,-0.10%,-2.5,107.64
4/14/20,0.25%,-0.10%,-2.5,107.08
4/15/20,0.25%,-0.10%,-2.5,107.54
4/16/20,0.25%,-0.10%,-2.5,108.01
4/17/20,0.25%,-0.10%,-2.5,107.53
4/18/20,0.25%,-0.10%,-2.5,107.53
4/19/20,0.25%,-0.10%,-2.5,107.63
4/20/20,0.25%,-0.10%,-2.5,107.69
4/21/20,0.25%,-0.10%,-2.5,107.7
4/22/20,0.25%,-0.10%,-2.5,107.84
4/23/20,0.25%,-0.10%,-2.5,107.64
4/24/20,0.25%,-0.10%,-2.5,107.46
4/25/20,0.25%,-0.10%,-2.5,107.46
4/26/20,0.25%,-0.10%,-2.5,107.5
4/27/20,0.25%,-0.10%,-2.5,107.27
4/28/20,0.25%,-0.10%,-2.5,106.79
4/29/20,0.25%,-0.10%,-2.5,106.59
4/30/20,0.25%,-0.10%,-2.5,107.26
5/1/20,0.25%,-0.10%,-2.5,106.9
5/2/20,0.25%,-0.10%,-2.5,106.9
5/3/20,0.25%,-0.10%,-2.5,106.76
5/4/20,0.25%,-0.10%,-2.5,106.7
5/5/20,0.25%,-0.10%,-2.5,106.43
5/6/20,0.25%,-0.10%,-2.5,106.1
5/7/20,0.25%,-0.10%,-2.5,106.33
5/8/20,0.25%,-0.10%,-2.5,106.5
5/9/20,0.25%,-0.10%,-2.5,106.5
5/10/20,0.25%,-0.10%,-2.5,106.91
5/11/20,0.25%,-0.10%,-2.5,107.62
5/12/20,0.25%,-0.10%,-2.5,107.17
5/13/20,0.25%,-0.10%,-2.5,107
5/14/20,0.25%,-0.10%,-2.5,107.29
5/15/20,0.25%,-0.10%,-2.5,107.09
5/16/20,0.25%,-0.10%,-2.5,107.09
5/17/20,0.25%,-0.10%,-2.5,107.17
5/18/20,0.25%,-0.10%,-2.5,107.38
5/19/20,0.25%,-0.10%,-2.5,107.88
5/20/20,0.25%,-0.10%,-2.5,107.57
5/21/20,0.25%,-0.10%,-2.5,107.62
5/22/20,0.25%,-0.10%,-2.5,107.6
5/23/20,0.25%,-0.10%,-2.5,107.6
5/24/20,0.25%,-0.10%,-2.5,107.75
5/25/20,0.25%,-0.10%,-2.5,107.72
5/26/20,0.25%,-0.10%,-2.5,107.49
5/27/20,0.25%,-0.10%,-2.5,107.75
5/28/20,0.25%,-0.10%,-2.5,107.66
5/29/20,0.25%,-0.10%,-2.5,107.77
5/30/20,0.25%,-0.10%,-2.5,107.77
5/31/20,0.25%,-0.10%,-2.5,107.7
6/1/20,0.25%,-0.10%,-2.5,107.56
6/2/20,0.25%,-0.10%,-2.5,108.79
6/3/20,0.25%,-0.10%,-2.5,109.01
6/4/20,0.25%,-0.10%,-2.5,109.16
6/5/20,0.25%,-0.10%,-2.5,109.59
6/6/20,0.25%,-0.10%,-2.5,109.59
6/7/20,0.25%,-0.10%,-2.5,109.64
6/8/20,0.25%,-0.10%,-2.5,108.39
6/9/20,0.25%,-0.10%,-2.5,107.78
6/10/20,0.25%,-0.10%,-2.5,106.95
6/11/20,0.25%,-0.10%,-2.5,106.81
6/12/20,0.25%,-0.10%,-2.5,107.38
6/13/20,0.25%,-0.10%,-2.5,107.38
6/14/20,0.25%,-0.10%,-2.5,107.37
6/15/20,0.25%,-0.10%,-2.5,107.49
6/16/20,0.25%,-0.10%,-2.5,107.39
6/17/20,0.25%,-0.10%,-2.5,106.89
6/18/20,0.25%,-0.10%,-2.5,107.03
6/19/20,0.25%,-0.10%,-2.5,106.88
6/20/20,0.25%,-0.10%,-2.5,106.88
6/21/20,0.25%,-0.10%,-2.5,106.86
6/22/20,0.25%,-0.10%,-2.5,106.92
6/23/20,0.25%,-0.10%,-2.5,106.47
6/24/20,0.25%,-0.10%,-2.5,107.03
6/25/20,0.25%,-0.10%,-2.5,107.17
6/26/20,0.25%,-0.10%,-2.5,107.21
6/27/20,0.25%,-0.10%,-2.5,107.21
6/28/20,0.25%,-0.10%,-2.5,107.19
6/29/20,0.25%,-0.10%,-2.5,107.61
6/30/20,0.25%,-0.10%,-2.5,107.98
7/1/20,0.25%,-0.10%,-2.5,107.42
7/2/20,0.25%,-0.10%,-2.5,107.51
7/3/20,0.25%,-0.10%,-2.5,107.5
7/4/20,0.25%,-0.10%,-2.5,107.5
7/5/20,0.25%,-0.10%,-2.5,107.56
7/6/20,0.25%,-0.10%,-2.5,107.35
7/7/20,0.25%,-0.10%,-2.5,107.57
7/8/20,0.25%,-0.10%,-2.5,107.3
7/9/20,0.25%,-0.10%,-2.5,107.22
7/10/20,0.25%,-0.10%,-2.5,106.91
7/11/20,0.25%,-0.10%,-2.5,106.91
7/12/20,0.25%,-0.10%,-2.5,106.89
7/13/20,0.25%,-0.10%,-2.5,107.28
7/14/20,0.25%,-0.10%,-2.5,107.23
7/15/20,0.25%,-0.10%,-2.5,106.91
7/16/20,0.25%,-0.10%,-2.5,107.28
7/17/20,0.25%,-0.10%,-2.5,107.04
7/18/20,0.25%,-0.10%,-2.5,107.04
7/19/20,0.25%,-0.10%,-2.5,107.06
7/20/20,0.25%,-0.10%,-2.5,107.23
7/21/20,0.25%,-0.10%,-2.5,106.83
7/22/20,0.25%,-0.10%,-2.5,107.17
7/23/20,0.25%,-0.10%,-2.5,106.83
7/24/20,0.25%,-0.10%,-2.5,106.12
7/25/20,0.25%,-0.10%,-2.5,106.12
7/26/20,0.25%,-0.10%,-2.5,106.04
7/27/20,0.25%,-0.10%,-2.5,105.32
7/28/20,0.25%,-0.10%,-2.5,105.08
7/29/20,0.25%,-0.10%,-2.5,105.03
7/30/20,0.25%,-0.10%,-2.5,104.7
7/31/20,0.25%,-0.10%,-2.5,105.84
8/1/20,0.25%,-0.10%,-2.5,105.84
8/2/20,0.25%,-0.10%,-2.5,105.85
8/3/20,0.25%,-0.10%,-2.5,106.05
8/4/20,0.25%,-0.10%,-2.5,105.71
8/5/20,0.25%,-0.10%,-2.5,105.59
8/6/20,0.25%,-0.10%,-2.5,105.54
8/7/20,0.25%,-0.10%,-2.5,105.92
8/8/20,0.25%,-0.10%,-2.5,105.92
8/9/20,0.25%,-0.10%,-2.5,105.87
8/10/20,0.25%,-0.10%,-2.5,106
8/11/20,0.25%,-0.10%,-2.5,106.5
8/12/20,0.25%,-0.10%,-2.5,106.84
8/13/20,0.25%,-0.10%,-2.5,106.98
8/14/20,0.25%,-0.10%,-2.5,106.58
8/15/20,0.25%,-0.10%,-2.5,106.58
8/16/20,0.25%,-0.10%,-2.5,106.55
8/17/20,0.25%,-0.10%,-2.5,106.03
8/18/20,0.25%,-0.10%,-2.5,105.32
8/19/20,0.25%,-0.10%,-2.5,106.04
8/20/20,0.25%,-0.10%,-2.5,105.72
8/21/20,0.25%,-0.10%,-2.5,105.82
8/22/20,0.25%,-0.10%,-2.5,105.82
8/23/20,0.25%,-0.10%,-2.5,105.85
8/24/20,0.25%,-0.10%,-2.5,105.98
8/25/20,0.25%,-0.10%,-2.5,106.36
8/26/20,0.25%,-0.10%,-2.5,105.89
8/27/20,0.25%,-0.10%,-2.5,106.64
8/28/20,0.25%,-0.10%,-2.5,105.36
8/29/20,0.25%,-0.10%,-2.5,105.36
8/30/20,0.25%,-0.10%,-2.5,105.53
8/31/20,0.25%,-0.10%,-2.5,105.93
9/1/20,0.25%,-0.10%,-2.5,105.88
9/2/20,0.25%,-0.10%,-2.5,106.22
9/3/20,0.25%,-0.10%,-2.5,106.1
9/4/20,0.25%,-0.10%,-2.5,106.24
9/5/20,0.25%,-0.10%,-2.5,106.24
9/6/20,0.25%,-0.10%,-2.5,106.29
9/7/20,0.25%,-0.10%,-2.5,106.29
9/8/20,0.25%,-0.10%,-2.5,105.99
9/9/20,0.25%,-0.10%,-2.5,106.17
9/10/20,0.25%,-0.10%,-2.5,106.13
9/11/20,0.25%,-0.10%,-2.5,106.14
9/12/20,0.25%,-0.10%,-2.5,106.14
9/13/20,0.25%,-0.10%,-2.5,106.14
9/14/20,0.25%,-0.10%,-2.5,105.72
9/15/20,0.25%,-0.10%,-2.5,105.43
9/16/20,0.25%,-0.10%,-2.5,105.02
9/17/20,0.25%,-0.10%,-2.5,104.73
9/18/20,0.25%,-0.10%,-2.5,104.56
9/19/20,0.25%,-0.10%,-2.5,104.56
9/20/20,0.25%,-0.10%,-2.5,104.5
9/21/20,0.25%,-0.10%,-2.5,104.69
9/22/20,0.25%,-0.10%,-2.5,105.02
9/23/20,0.25%,-0.10%,-2.5,105.36
9/24/20,0.25%,-0.10%,-2.5,105.44
9/25/20,0.25%,-0.10%,-2.5,105.57
9/26/20,0.25%,-0.10%,-2.5,105.57
9/27/20,0.25%,-0.10%,-2.5,105.57
9/28/20,0.25%,-0.10%,-2.5,105.47
9/29/20,0.25%,-0.10%,-2.5,105.68
9/30/20,0.25%,-0.10%,-2.5,105.43
10/1/20,0.25%,-0.10%,-2.5,105.56
10/2/20,0.25%,-0.10%,-2.5,105.34
10/3/20,0.25%,-0.10%,-2.5,105.34
10/4/20,0.25%,-0.10%,-2.5,105.5
10/5/20,0.25%,-0.10%,-2.5,105.73
10/6/20,0.25%,-0.10%,-2.5,105.64
10/7/20,0.25%,-0.10%,-2.5,105.97
10/8/20,0.25%,-0.10%,-2.5,106.02
10/9/20,0.25%,-0.10%,-2.5,105.6
10/10/20,0.25%,-0.10%,-2.5,105.6
10/11/20,0.25%,-0.10%,-2.5,105.65
10/12/20,0.25%,-0.10%,-2.5,105.33
10/13/20,0.25%,-0.10%,-2.5,105.46
10/14/20,0.25%,-0.10%,-2.5,105.16
10/15/20,0.25%,-0.10%,-2.5,105.38
10/16/20,0.25%,-0.10%,-2.5,105.4
10/17/20,0.25%,-0.10%,-2.5,105.4
10/18/20,0.25%,-0.10%,-2.5,105.44
10/19/20,0.25%,-0.10%,-2.5,105.46
10/20/20,0.25%,-0.10%,-2.5,105.48
10/21/20,0.25%,-0.10%,-2.5,104.65
10/22/20,0.25%,-0.10%,-2.5,104.91
10/23/20,0.25%,-0.10%,-2.5,104.7
10/24/20,0.25%,-0.10%,-2.5,104.7
10/25/20,0.25%,-0.10%,-2.5,104.72
10/26/20,0.25%,-0.10%,-2.5,104.84
10/27/20,0.25%,-0.10%,-2.5,104.53
10/28/20,0.25%,-0.10%,-2.5,104.3
10/29/20,0.25%,-0.10%,-2.5,104.56
10/30/20,0.25%,-0.10%,-2.5,104.67
10/31/20,0.25%,-0.10%,-2.5,104.67
11/1/20,0.25%,-0.10%,-2.5,104.59
11/2/20,0.25%,-0.10%,-2.5,104.74
11/3/20,0.25%,-0.10%,-2.5,104.61
11/4/20,0.25%,-0.10%,-2.5,104.45
11/5/20,0.25%,-0.10%,-2.5,103.66
11/6/20,0.25%,-0.10%,-2.5,103.36
11/7/20,0.25%,-0.10%,-2.5,103.36
11/8/20,0.25%,-0.10%,-2.5,103.29
11/9/20,0.25%,-0.10%,-2.5,105.18
11/10/20,0.25%,-0.10%,-2.5,105.28
11/11/20,0.25%,-0.10%,-2.5,105.42
11/12/20,0.25%,-0.10%,-2.5,105.11
11/13/20,0.25%,-0.10%,-2.5,104.61
11/14/20,0.25%,-0.10%,-2.5,104.61
11/15/20,0.25%,-0.10%,-2.5,104.69
11/16/20,0.25%,-0.10%,-2.5,104.55
11/17/20,0.25%,-0.10%,-2.5,104.17
11/18/20,0.25%,-0.10%,-2.5,103.86
11/19/20,0.25%,-0.10%,-2.5,103.8
11/20/20,0.25%,-0.10%,-2.5,103.84
11/21/20,0.25%,-0.10%,-2.5,103.84
11/22/20,0.25%,-0.10%,-2.5,103.82
11/23/20,0.25%,-0.10%,-2.5,104.49
11/24/20,0.25%,-0.10%,-2.5,104.5
11/25/20,0.25%,-0.10%,-2.5,104.41
11/26/20,0.25%,-0.10%,-2.5,104.25
11/27/20,0.25%,-0.10%,-2.5,104.08
11/28/20,0.25%,-0.10%,-2.5,104.08
11/29/20,0.25%,-0.10%,-2.5,104.11
11/30/20,0.25%,-0.10%,-2.5,104.3
12/1/20,0.25%,-0.10%,-2.5,104.27
12/2/20,0.25%,-0.10%,-2.5,104.47
12/3/20,0.25%,-0.10%,-2.5,103.85
12/4/20,0.25%,-0.10%,-2.5,104.19
12/5/20,0.25%,-0.10%,-2.5,104.19
12/6/20,0.25%,-0.10%,-2.5,104.21
12/7/20,0.25%,-0.10%,-2.5,104
12/8/20,0.25%,-0.10%,-2.5,104.15
12/9/20,0.25%,-0.10%,-2.5,104.29
12/10/20,0.25%,-0.10%,-2.5,104.23
12/11/20,0.25%,-0.10%,-2.5,104.02
12/12/20,0.25%,-0.10%,-2.5,104.02
12/13/20,0.25%,-0.10%,-2.5,103.92
12/14/20,0.25%,-0.10%,-2.5,104.01
12/15/20,0.25%,-0.10%,-2.5,103.64
12/16/20,0.25%,-0.10%,-2.5,103.48
12/17/20,0.25%,-0.10%,-2.5,103.13
12/18/20,0.25%,-0.10%,-2.5,103.29
12/19/20,0.25%,-0.10%,-2.5,103.29
12/20/20,0.25%,-0.10%,-2.5,103.42
12/21/20,0.25%,-0.10%,-2.5,103.31
12/22/20,0.25%,-0.10%,-2.5,103.58
12/23/20,0.25%,-0.10%,-2.5,103.57
12/24/20,0.25%,-0.10%,-2.5,103.66
12/25/20,0.25%,-0.10%,-2.5,103.66
12/26/20,0.25%,-0.10%,-2.5,103.66
12/27/20,0.25%,-0.10%,-2.5,103.54
12/28/20,0.25%,-0.10%,-2.5,103.7
12/29/20,0.25%,-0.10%,-2.5,103.53
12/30/20,0.25%,-0.10%,-2.5,103.14
12/31/20,0.25%,-0.10%,-2.5,103.25
1/1/21,0.25%,-0.10%,-2.5,103.25
1/2/21,0.25%,-0.10%,-2.5,103.25
1/3/21,0.25%,-0.10%,-2.5,103.29
1/4/21,0.25%,-0.10%,-2.5,103.15
1/5/21,0.25%,-0.10%,-2.5,102.66
1/6/21,0.25%,-0.10%,-2.5,103.04
1/7/21,0.25%,-0.10%,-2.5,103.81
1/8/21,0.25%,-0.10%,-2.5,103.95
1/9/21,0.25%,-0.10%,-2.5,103.95
1/10/21,0.25%,-0.10%,-2.5,104.08
1/11/21,0.25%,-0.10%,-2.5,104.15
1/12/21,0.25%,-0.10%,-2.5,103.77
1/13/21,0.25%,-0.10%,-2.5,103.82
1/14/21,0.25%,-0.10%,-2.5,103.84
1/15/21,0.25%,-0.10%,-2.5,103.88
1/16/21,0.25%,-0.10%,-2.5,103.88
1/17/21,0.25%,-0.10%,-2.5,103.88
1/18/21,0.25%,-0.10%,-2.5,103.69
1/19/21,0.25%,-0.10%,-2.5,103.88
1/20/21,0.25%,-0.10%,-2.5,103.54
1/21/21,0.25%,-0.10%,-2.5,103.52
1/22/21,0.25%,-0.10%,-2.5,103.75
1/23/21,0.25%,-0.10%,-2.5,103.75
1/24/21,0.25%,-0.10%,-2.5,103.78
1/25/21,0.25%,-0.10%,-2.5,103.76
1/26/21,0.25%,-0.10%,-2.5,103.62
1/27/21,0.25%,-0.10%,-2.5,104.16
1/28/21,0.25%,-0.10%,-2.5,104.27
1/29/21,0.25%,-0.10%,-2.5,104.71
1/30/21,0.25%,-0.10%,-2.5,104.71
1/31/21,0.25%,-0.10%,-2.5,104.7
2/1/21,0.25%,-0.10%,-2.5,104.9
2/2/21,0.25%,-0.10%,-2.5,105.03
2/3/21,0.25%,-0.10%,-2.5,105
2/4/21,0.25%,-0.10%,-2.5,105.56
2/5/21,0.25%,-0.10%,-2.5,105.37
2/6/21,0.25%,-0.10%,-2.5,105.37
2/7/21,0.25%,-0.10%,-2.5,105.39
2/8/21,0.25%,-0.10%,-2.5,105.23
2/9/21,0.25%,-0.10%,-2.5,104.56
2/10/21,0.25%,-0.10%,-2.5,104.64
2/11/21,0.25%,-0.10%,-2.5,104.75
2/12/21,0.25%,-0.10%,-2.5,104.92
2/13/21,0.25%,-0.10%,-2.5,104.92
2/14/21,0.25%,-0.10%,-2.5,105.05
2/15/21,0.25%,-0.10%,-2.5,105.39
2/16/21,0.25%,-0.10%,-2.5,106.08
2/17/21,0.25%,-0.10%,-2.5,105.88
2/18/21,0.25%,-0.10%,-2.5,105.67
2/19/21,0.25%,-0.10%,-2.5,105.42
2/20/21,0.25%,-0.10%,-2.5,105.42
2/21/21,0.25%,-0.10%,-2.5,105.42
2/22/21,0.25%,-0.10%,-2.5,104.97
2/23/21,0.25%,-0.10%,-2.5,105.27
2/24/21,0.25%,-0.10%,-2.5,105.92
2/25/21,0.25%,-0.10%,-2.5,106.37
2/26/21,0.25%,-0.10%,-2.5,106.55
2/27/21,0.25%,-0.10%,-2.5,106.55
2/28/21,0.25%,-0.10%,-2.5,106.5
3/1/21,0.25%,-0.10%,-2.5,106.82
3/2/21,0.25%,-0.10%,-2.5,106.75
3/3/21,0.25%,-0.10%,-2.5,107.06
3/4/21,0.25%,-0.10%,-2.5,107.95
3/5/21,0.25%,-0.10%,-2.5,108.39
3/6/21,0.25%,-0.10%,-2.5,108.39
3/7/21,0.25%,-0.10%,-2.5,108.42
3/8/21,0.25%,-0.10%,-2.5,108.94
3/9/21,0.25%,-0.10%,-2.5,108.63
3/10/21,0.25%,-0.10%,-2.5,108.44
3/11/21,0.25%,-0.10%,-2.5,108.54
3/12/21,0.25%,-0.10%,-2.5,109.03
3/13/21,0.25%,-0.10%,-2.5,109.03
3/14/21,0.25%,-0.10%,-2.5,109.12
3/15/21,0.25%,-0.10%,-2.5,109.13
3/16/21,0.25%,-0.10%,-2.5,109.05
3/17/21,0.25%,-0.10%,-2.5,108.88
3/18/21,0.25%,-0.10%,-2.5,108.95
3/19/21,0.25%,-0.10%,-2.5,108.89
3/20/21,0.25%,-0.10%,-2.5,108.89
3/21/21,0.25%,-0.10%,-2.5,108.92
3/22/21,0.25%,-0.10%,-2.5,108.8
3/23/21,0.25%,-0.10%,-2.5,108.51
3/24/21,0.25%,-0.10%,-2.5,108.77
3/25/21,0.25%,-0.10%,-2.5,109.21
3/26/21,0.25%,-0.10%,-2.5,109.67
3/27/21,0.25%,-0.10%,-2.5,109.67
3/28/21,0.25%,-0.10%,-2.5,109.77
3/29/21,0.25%,-0.10%,-2.5,109.84
3/30/21,0.25%,-0.10%,-2.5,110.33
3/31/21,0.25%,-0.10%,-2.5,110.79
4/1/21,0.25%,-0.10%,-2.5,110.62
4/2/21,0.25%,-0.10%,-2.5,110.65
4/3/21,0.25%,-0.10%,-2.5,110.65
4/4/21,0.25%,-0.10%,-2.5,110.69
4/5/21,0.25%,-0.10%,-2.5,110.18
4/6/21,0.25%,-0.10%,-2.5,109.76
4/7/21,0.25%,-0.10%,-2.5,109.85
4/8/21,0.25%,-0.10%,-2.5,109.33
4/9/21,0.25%,-0.10%,-2.5,109.66
4/10/21,0.25%,-0.10%,-2.5,109.66
4/11/21,0.25%,-0.10%,-2.5,109.71
4/12/21,0.25%,-0.10%,-2.5,109.37
4/13/21,0.25%,-0.10%,-2.5,109.01
4/14/21,0.25%,-0.10%,-2.5,108.91
4/15/21,0.25%,-0.10%,-2.5,108.68
4/16/21,0.25%,-0.10%,-2.5,108.79
4/17/21,0.25%,-0.10%,-2.5,108.79
4/18/21,0.25%,-0.10%,-2.5,108.7
4/19/21,0.25%,-0.10%,-2.5,108.11
4/20/21,0.25%,-0.10%,-2.5,108.1
4/21/21,0.25%,-0.10%,-2.5,108.03
4/22/21,0.25%,-0.10%,-2.5,107.97
4/23/21,0.25%,-0.10%,-2.5,107.87
4/24/21,0.25%,-0.10%,-2.5,107.87
4/25/21,0.25%,-0.10%,-2.5,107.87
4/26/21,0.25%,-0.10%,-2.5,108.17
4/27/21,0.25%,-0.10%,-2.5,108.76
4/28/21,0.25%,-0.10%,-2.5,108.53
4/29/21,0.25%,-0.10%,-2.5,108.86
4/30/21,0.25%,-0.10%,-2.5,109.32
5/1/21,0.25%,-0.10%,-2.5,109.32
5/2/21,0.25%,-0.10%,-2.5,109.29
5/3/21,0.25%,-0.10%,-2.5,109.1
5/4/21,0.25%,-0.10%,-2.5,109.32
5/5/21,0.25%,-0.10%,-2.5,109.24
5/6/21,0.25%,-0.10%,-2.5,109.06
5/7/21,0.25%,-0.10%,-2.5,108.58
5/8/21,0.25%,-0.10%,-2.5,108.58
5/9/21,0.25%,-0.10%,-2.5,108.5
5/10/21,0.25%,-0.10%,-2.5,108.83
5/11/21,0.25%,-0.10%,-2.5,108.67
5/12/21,0.25%,-0.10%,-2.5,109.66
5/13/21,0.25%,-0.10%,-2.5,109.49
5/14/21,0.25%,-0.10%,-2.5,109.34
5/15/21,0.25%,-0.10%,-2.5,109.34
5/16/21,0.25%,-0.10%,-2.5,109.39
5/17/21,0.25%,-0.10%,-2.5,109.17
5/18/21,0.25%,-0.10%,-2.5,108.85
5/19/21,0.25%,-0.10%,-2.5,109.27
5/20/21,0.25%,-0.10%,-2.5,108.84
5/21/21,0.25%,-0.10%,-2.5,108.95
5/22/21,0.25%,-0.10%,-2.5,108.95
5/23/21,0.25%,-0.10%,-2.5,108.91
5/24/21,0.25%,-0.10%,-2.5,108.83
5/25/21,0.25%,-0.10%,-2.5,108.8
5/26/21,0.25%,-0.10%,-2.5,109.16
5/27/21,0.25%,-0.10%,-2.5,109.85
5/28/21,0.25%,-0.10%,-2.5,109.83
5/29/21,0.25%,-0.10%,-2.5,109.83
5/30/21,0.25%,-0.10%,-2.5,109.88
5/31/21,0.25%,-0.10%,-2.5,109.49
6/1/21,0.25%,-0.10%,-2.5,109.5
6/2/21,0.25%,-0.10%,-2.5,109.61
6/3/21,0.25%,-0.10%,-2.5,110.26
6/4/21,0.25%,-0.10%,-2.5,109.52
6/5/21,0.25%,-0.10%,-2.5,109.52
6/6/21,0.25%,-0.10%,-2.5,109.62
6/7/21,0.25%,-0.10%,-2.5,109.28
6/8/21,0.25%,-0.10%,-2.5,109.47
6/9/21,0.25%,-0.10%,-2.5,109.63
6/10/21,0.25%,-0.10%,-2.5,109.38
6/11/21,0.25%,-0.10%,-2.5,109.67
6/12/21,0.25%,-0.10%,-2.5,109.67
6/13/21,0.25%,-0.10%,-2.5,109.72
6/14/21,0.25%,-0.10%,-2.5,110.05
6/15/21,0.25%,-0.10%,-2.5,110.09
6/16/21,0.25%,-0.10%,-2.5,110.77
6/17/21,0.25%,-0.10%,-2.5,110.31
6/18/21,0.25%,-0.10%,-2.5,110.22
6/19/21,0.25%,-0.10%,-2.5,110.22
6/20/21,0.25%,-0.10%,-2.5,110.22
6/21/21,0.25%,-0.10%,-2.5,110.36
6/22/21,0.25%,-0.10%,-2.5,110.65
6/23/21,0.25%,-0.10%,-2.5,111.02
6/24/21,0.25%,-0.10%,-2.5,110.89
6/25/21,0.25%,-0.10%,-2.5,110.79
6/26/21,0.25%,-0.10%,-2.5,110.79
6/27/21,0.25%,-0.10%,-2.5,110.81
6/28/21,0.25%,-0.10%,-2.5,110.59
6/29/21,0.25%,-0.10%,-2.5,110.55
6/30/21,0.25%,-0.10%,-2.5,111.13
7/1/21,0.25%,-0.10%,-2.5,111.57
7/2/21,0.25%,-0.10%,-2.5,111.02
7/3/21,0.25%,-0.10%,-2.5,111.02
7/4/21,0.25%,-0.10%,-2.5,111.13
7/5/21,0.25%,-0.10%,-2.5,110.94
7/6/21,0.25%,-0.10%,-2.5,110.6
7/7/21,0.25%,-0.10%,-2.5,110.62
7/8/21,0.25%,-0.10%,-2.5,109.83
7/9/21,0.25%,-0.10%,-2.5,110.12
7/10/21,0.25%,-0.10%,-2.5,110.12
7/11/21,0.25%,-0.10%,-2.5,110.2
7/12/21,0.25%,-0.10%,-2.5,110.34
7/13/21,0.25%,-0.10%,-2.5,110.61
7/14/21,0.25%,-0.10%,-2.5,110.01
7/15/21,0.25%,-0.10%,-2.5,109.79
7/16/21,0.25%,-0.10%,-2.5,110.08
7/17/21,0.25%,-0.10%,-2.5,110.08
7/18/21,0.25%,-0.10%,-2.5,109.89
7/19/21,0.25%,-0.10%,-2.5,109.54
7/20/21,0.25%,-0.10%,-2.5,109.92
7/21/21,0.25%,-0.10%,-2.5,110.27
7/22/21,0.25%,-0.10%,-2.5,110.1
7/23/21,0.25%,-0.10%,-2.5,110.54
7/24/21,0.25%,-0.10%,-2.5,110.54
7/25/21,0.25%,-0.10%,-2.5,110.54
7/26/21,0.25%,-0.10%,-2.5,110.34
7/27/21,0.25%,-0.10%,-2.5,109.76
7/28/21,0.25%,-0.10%,-2.5,109.9
7/29/21,0.25%,-0.10%,-2.5,109.46
7/30/21,0.25%,-0.10%,-2.5,109.7
7/31/21,0.25%,-0.10%,-2.5,109.7
8/1/21,0.25%,-0.10%,-2.5,109.72
8/2/21,0.25%,-0.10%,-2.5,109.28
8/3/21,0.25%,-0.10%,-2.5,109.04
8/4/21,0.25%,-0.10%,-2.5,109.47
8/5/21,0.25%,-0.10%,-2.5,109.74
8/6/21,0.25%,-0.10%,-2.5,110.25
8/7/21,0.25%,-0.10%,-2.5,110.25
8/8/21,0.25%,-0.10%,-2.5,110.26
8/9/21,0.25%,-0.10%,-2.5,110.28
8/10/21,0.25%,-0.10%,-2.5,110.56
8/11/21,0.25%,-0.10%,-2.5,110.4
8/12/21,0.25%,-0.10%,-2.5,110.38
8/13/21,0.25%,-0.10%,-2.5,109.57
8/14/21,0.25%,-0.10%,-2.5,109.57
8/15/21,0.25%,-0.10%,-2.5,109.64
8/16/21,0.25%,-0.10%,-2.5,109.23
8/17/21,0.25%,-0.10%,-2.5,109.57
8/18/21,0.25%,-0.10%,-2.5,109.74
8/19/21,0.25%,-0.10%,-2.5,109.72
8/20/21,0.25%,-0.10%,-2.5,109.8
8/21/21,0.25%,-0.10%,-2.5,109.8
8/22/21,0.25%,-0.10%,-2.5,109.83
8/23/21,0.25%,-0.10%,-2.5,109.68
8/24/21,0.25%,-0.10%,-2.5,109.62
8/25/21,0.25%,-0.10%,-2.5,109.99
8/26/21,0.25%,-0.10%,-2.5,110.07
8/27/21,0.25%,-0.10%,-2.5,109.82
8/28/21,0.25%,-0.10%,-2.5,109.82
8/29/21,0.25%,-0.10%,-2.5,109.87
8/30/21,0.25%,-0.10%,-2.5,109.92
8/31/21,0.25%,-0.10%,-2.5,110.02
9/1/21,0.25%,-0.10%,-2.5,109.99
9/2/21,0.25%,-0.10%,-2.5,109.92
9/3/21,0.25%,-0.10%,-2.5,109.73
9/4/21,0.25%,-0.10%,-2.5,109.73
9/5/21,0.25%,-0.10%,-2.5,109.74
9/6/21,0.25%,-0.10%,-2.5,109.83
9/7/21,0.25%,-0.10%,-2.5,110.27
9/8/21,0.25%,-0.10%,-2.5,110.23
9/9/21,0.25%,-0.10%,-2.5,109.7
9/10/21,0.25%,-0.10%,-2.5,109.93
9/11/21,0.25%,-0.10%,-2.5,109.93
9/12/21,0.25%,-0.10%,-2.5,109.89
9/13/21,0.25%,-0.10%,-2.5,109.98
9/14/21,0.25%,-0.10%,-2.5,109.67
9/15/21,0.25%,-0.10%,-2.5,109.36
9/16/21,0.25%,-0.10%,-2.5,109.7
9/17/21,0.25%,-0.10%,-2.5,109.96
9/18/21,0.25%,-0.10%,-2.5,109.96
9/19/21,0.25%,-0.10%,-2.5,109.97
9/20/21,0.25%,-0.10%,-2.5,109.39
9/21/21,0.25%,-0.10%,-2.5,109.21
9/22/21,0.25%,-0.10%,-2.5,109.78
9/23/21,0.25%,-0.10%,-2.5,110.3
9/24/21,0.25%,-0.10%,-2.5,110.72
9/25/21,0.25%,-0.10%,-2.5,110.72
9/26/21,0.25%,-0.10%,-2.5,110.76
9/27/21,0.25%,-0.10%,-2.5,111
9/28/21,0.25%,-0.10%,-2.5,111.5
9/29/21,0.25%,-0.10%,-2.5,111.96
9/30/21,0.25%,-0.10%,-2.5,111.27
10/1/21,0.25%,-0.10%,-2.5,111.05
10/2/21,0.25%,-0.10%,-2.5,111.05
10/3/21,0.25%,-0.10%,-2.5,110.95
10/4/21,0.25%,-0.10%,-2.5,110.87
10/5/21,0.25%,-0.10%,-2.5,111.45
10/6/21,0.25%,-0.10%,-2.5,111.41
10/7/21,0.25%,-0.10%,-2.5,111.59
10/8/21,0.25%,-0.10%,-2.5,112.22
10/9/21,0.25%,-0.10%,-2.5,112.22
10/10/21,0.25%,-0.10%,-2.5,112.27
10/11/21,0.25%,-0.10%,-2.5,113.3
10/12/21,0.25%,-0.10%,-2.5,113.6
10/13/21,0.25%,-0.10%,-2.5,113.23
10/14/21,0.25%,-0.10%,-2.5,113.66
10/15/21,0.25%,-0.10%,-2.5,114.2
10/16/21,0.25%,-0.10%,-2.5,114.2
10/17/21,0.25%,-0.10%,-2.5,114.31
10/18/21,0.25%,-0.10%,-2.5,114.31
10/19/21,0.25%,-0.10%,-2.5,114.36
10/20/21,0.25%,-0.10%,-2.5,114.26
10/21/21,0.25%,-0.10%,-2.5,113.97
10/22/21,0.25%,-0.10%,-2.5,113.46
10/23/21,0.25%,-0.10%,-2.5,113.46
10/24/21,0.25%,-0.10%,-2.5,113.63
10/25/21,0.25%,-0.10%,-2.5,113.7
10/26/21,0.25%,-0.10%,-2.5,114.14
10/27/21,0.25%,-0.10%,-2.5,113.81
10/28/21,0.25%,-0.10%,-2.5,113.56
10/29/21,0.25%,-0.10%,-2.5,114
10/30/21,0.25%,-0.10%,-2.5,114
10/31/21,0.25%,-0.10%,-2.5,114.18
11/1/21,0.25%,-0.10%,-2.5,113.98
11/2/21,0.25%,-0.10%,-2.5,113.95
11/3/21,0.25%,-0.10%,-2.5,113.98
11/4/21,0.25%,-0.10%,-2.5,113.75
11/5/21,0.25%,-0.10%,-2.5,113.4
11/6/21,0.25%,-0.10%,-2.5,113.4
11/7/21,0.25%,-0.10%,-2.5,113.51
11/8/21,0.25%,-0.10%,-2.5,113.22
11/9/21,0.25%,-0.10%,-2.5,112.85
11/10/21,0.25%,-0.10%,-2.5,113.9
11/11/21,0.25%,-0.10%,-2.5,114.05
11/12/21,0.25%,-0.10%,-2.5,113.85
11/13/21,0.25%,-0.10%,-2.5,113.85
11/14/21,0.25%,-0.10%,-2.5,114.01
11/15/21,0.25%,-0.10%,-2.5,114.12
11/16/21,0.25%,-0.10%,-2.5,114.82
11/17/21,0.25%,-0.10%,-2.5,114.07
11/18/21,0.25%,-0.10%,-2.5,114.24
11/19/21,0.25%,-0.10%,-2.5,113.98
11/20/21,0.25%,-0.10%,-2.5,113.98
11/21/21,0.25%,-0.10%,-2.5,114.09
11/22/21,0.25%,-0.10%,-2.5,114.86
11/23/21,0.25%,-0.10%,-2.5,115.12
11/24/21,0.25%,-0.10%,-2.5,115.41
11/25/21,0.25%,-0.10%,-2.5,115.35
11/26/21,0.25%,-0.10%,-2.5,113.31
11/27/21,0.25%,-0.10%,-2.5,113.31
11/28/21,0.25%,-0.10%,-2.5,113.79
11/29/21,0.25%,-0.10%,-2.5,113.52
11/30/21,0.25%,-0.10%,-2.5,113.13
12/1/21,0.25%,-0.10%,-2.5,112.75
12/2/21,0.25%,-0.10%,-2.5,113.15
12/3/21,0.25%,-0.10%,-2.5,112.8
12/4/21,0.25%,-0.10%,-2.5,112.8
12/5/21,0.25%,-0.10%,-2.5,113
12/6/21,0.25%,-0.10%,-2.5,113.46
12/7/21,0.25%,-0.10%,-2.5,113.57
12/8/21,0.25%,-0.10%,-2.5,113.66
12/9/21,0.25%,-0.10%,-2.5,113.44
12/10/21,0.25%,-0.10%,-2.5,113.38
12/11/21,0.25%,-0.10%,-2.5,113.38
12/12/21,0.25%,-0.10%,-2.5,113.48
12/13/21,0.25%,-0.10%,-2.5,113.56
12/14/21,0.25%,-0.10%,-2.5,113.71
12/15/21,0.25%,-0.10%,-2.5,114.02
12/16/21,0.25%,-0.10%,-2.5,113.7
12/17/21,0.25%,-0.10%,-2.5,113.67
12/18/21,0.25%,-0.10%,-2.5,113.67
12/19/21,0.25%,-0.10%,-2.5,113.6
12/20/21,0.25%,-0.10%,-2.5,113.58
12/21/21,0.25%,-0.10%,-2.5,114.08
12/22/21,0.25%,-0.10%,-2.5,114.11
12/23/21,0.25%,-0.10%,-2.5,114.37
12/24/21,0.25%,-0.10%,-2.5,114.41
12/25/21,0.25%,-0.10%,-2.5,114.41
12/26/21,0.25%,-0.10%,-2.5,114.33
12/27/21,0.25%,-0.10%,-2.5,114.83
12/28/21,0.25%,-0.10%,-2.5,114.81
12/29/21,0.25%,-0.10%,-2.5,114.94
12/30/21,0.25%,-0.10%,-2.5,115.06
12/31/21,0.25%,-0.10%,-2.5,115.08
1/1/22,0.25%,-0.10%,-2.5,115.08
1/2/22,0.25%,-0.10%,-2.5,115.12
1/3/22,0.25%,-0.10%,-2.5,115.32
1/4/22,0.25%,-0.10%,-2.5,116.14
1/5/22,0.25%,-0.10%,-2.5,116.1
1/6/22,0.25%,-0.10%,-2.5,115.82
1/7/22,0.25%,-0.10%,-2.5,115.55
1/8/22,0.25%,-0.10%,-2.5,115.55
1/9/22,0.25%,-0.10%,-2.5,115.62
1/10/22,0.25%,-0.10%,-2.5,115.2
1/11/22,0.25%,-0.10%,-2.5,115.28
1/12/22,0.25%,-0.10%,-2.5,114.63
1/13/22,0.25%,-0.10%,-2.5,114.17
1/14/22,0.25%,-0.10%,-2.5,114.2
1/15/22,0.25%,-0.10%,-2.5,114.2
1/16/22,0.25%,-0.10%,-2.5,114.3
1/17/22,0.25%,-0.10%,-2.5,114.6
1/18/22,0.25%,-0.10%,-2.5,114.61
1/19/22,0.25%,-0.10%,-2.5,114.32
1/20/22,0.25%,-0.10%,-2.5,114.09
1/21/22,0.25%,-0.10%,-2.5,113.68
1/22/22,0.25%,-0.10%,-2.5,113.68
1/23/22,0.25%,-0.10%,-2.5,113.74
1/24/22,0.25%,-0.10%,-2.5,113.92
1/25/22,0.25%,-0.10%,-2.5,113.86
1/26/22,0.25%,-0.10%,-2.5,114.63
1/27/22,0.25%,-0.10%,-2.5,115.34
1/28/22,0.25%,-0.10%,-2.5,115.24
1/29/22,0.25%,-0.10%,-2.5,115.24
1/30/22,0.25%,-0.10%,-2.5,115.27
1/31/22,0.25%,-0.10%,-2.5,115.1
2/1/22,0.25%,-0.10%,-2.5,114.71
2/2/22,0.25%,-0.10%,-2.5,114.44
2/3/22,0.25%,-0.10%,-2.5,114.95
2/4/22,0.25%,-0.10%,-2.5,115.2
2/5/22,0.25%,-0.10%,-2.5,115.2
2/6/22,0.25%,-0.10%,-2.5,115.25
2/7/22,0.25%,-0.10%,-2.5,115.12
2/8/22,0.25%,-0.10%,-2.5,115.54
2/9/22,0.25%,-0.10%,-2.5,115.49
2/10/22,0.25%,-0.10%,-2.5,116
2/11/22,0.25%,-0.10%,-2.5,115.41
2/12/22,0.25%,-0.10%,-2.5,115.41
2/13/22,0.25%,-0.10%,-2.5,115.53
2/14/22,0.25%,-0.10%,-2.5,115.53
2/15/22,0.25%,-0.10%,-2.5,115.62
2/16/22,0.25%,-0.10%,-2.5,115.46
2/17/22,0.25%,-0.10%,-2.5,114.93
2/18/22,0.25%,-0.10%,-2.5,115
2/19/22,0.25%,-0.10%,-2.5,115
2/20/22,0.25%,-0.10%,-2.5,115
2/21/22,0.25%,-0.10%,-2.5,114.74
2/22/22,0.25%,-0.10%,-2.5,115.08
2/23/22,0.25%,-0.10%,-2.5,114.97
2/24/22,0.25%,-0.10%,-2.5,115.52
2/25/22,0.25%,-0.10%,-2.5,115.56
2/26/22,0.25%,-0.10%,-2.5,115.56
2/27/22,0.25%,-0.10%,-2.5,115.56
2/28/22,0.25%,-0.10%,-2.5,114.99
3/1/22,0.50%,-0.10%,-5,114.89
3/2/22,0.50%,-0.10%,-5,115.5
3/3/22,0.50%,-0.10%,-5,115.46
3/4/22,0.50%,-0.10%,-5,114.78
3/5/22,0.50%,-0.10%,-5,114.78
3/6/22,0.50%,-0.10%,-5,114.78
3/7/22,0.50%,-0.10%,-5,115.29
3/8/22,0.50%,-0.10%,-5,115.66
3/9/22,0.50%,-0.10%,-5,115.82
3/10/22,0.50%,-0.10%,-5,116.13
3/11/22,0.50%,-0.10%,-5,117.28
3/12/22,0.50%,-0.10%,-5,117.28
3/13/22,0.50%,-0.10%,-5,117.28
3/14/22,0.50%,-0.10%,-5,118.18
3/15/22,0.50%,-0.10%,-5,118.28
3/16/22,0.50%,-0.10%,-5,118.72
3/17/22,0.50%,-0.10%,-5,118.59
3/18/22,0.50%,-0.10%,-5,119.17
3/19/22,0.50%,-0.10%,-5,119.17
3/20/22,0.50%,-0.10%,-5,119.17
3/21/22,0.50%,-0.10%,-5,119.47
3/22/22,0.50%,-0.10%,-5,120.8
3/23/22,0.50%,-0.10%,-5,121.15
3/24/22,0.50%,-0.10%,-5,122.33
3/25/22,0.50%,-0.10%,-5,122.06
3/26/22,0.50%,-0.10%,-5,122.06
3/27/22,0.50%,-0.10%,-5,122.06
3/28/22,0.50%,-0.10%,-5,123.91
3/29/22,0.50%,-0.10%,-5,122.84
3/30/22,0.50%,-0.10%,-5,121.8
3/31/22,0.50%,-0.10%,-5,121.66
4/1/22,0.50%,-0.10%,-5,122.49
4/2/22,0.50%,-0.10%,-5,122.49
4/3/22,0.50%,-0.10%,-5,122.49
4/4/22,0.50%,-0.10%,-5,122.78
4/5/22,0.50%,-0.10%,-5,123.6
4/6/22,0.50%,-0.10%,-5,123.79
4/7/22,0.50%,-0.10%,-5,123.92
4/8/22,0.50%,-0.10%,-5,124.32
4/9/22,0.50%,-0.10%,-5,124.32
4/10/22,0.50%,-0.10%,-5,124.32
4/11/22,0.50%,-0.10%,-5,125.35
4/12/22,0.50%,-0.10%,-5,125.35
4/13/22,0.50%,-0.10%,-5,125.66
4/14/22,0.50%,-0.10%,-5,125.86
4/15/22,0.50%,-0.10%,-5,126.35
4/16/22,0.50%,-0.10%,-5,126.35
4/17/22,0.50%,-0.10%,-5,126.35
4/18/22,0.50%,-0.10%,-5,126.97
4/19/22,0.50%,-0.10%,-5,128.9
4/20/22,0.50%,-0.10%,-5,127.88
4/21/22,0.50%,-0.10%,-5,128.39
4/22/22,0.50%,-0.10%,-5,128.56
4/23/22,0.50%,-0.10%,-5,128.56
4/24/22,0.50%,-0.10%,-5,128.56
4/25/22,0.50%,-0.10%,-5,128.12
4/26/22,0.50%,-0.10%,-5,127.22
4/27/22,0.50%,-0.10%,-5,128.42
4/28/22,0.50%,-0.10%,-5,130.85
4/29/22,0.50%,-0.10%,-5,129.83
4/30/22,0.50%,-0.10%,-5,129.83
5/1/22,1.00%,-0.10%,-10,129.83
5/2/22,1.00%,-0.10%,-10,130.14
5/3/22,1.00%,-0.10%,-10,130.1
5/4/22,1.00%,-0.10%,-10,129.07
5/5/22,1.75%,-0.10%,-17.5,130.13
5/6/22,1.75%,-0.10%,-17.5,130.56
5/7/22,1.75%,-0.10%,-17.5,130.56
5/8/22,1.75%,-0.10%,-17.5,130.56
5/9/22,1.75%,-0.10%,-17.5,130.25
5/10/22,1.75%,-0.10%,-17.5,130.43
5/11/22,1.75%,-0.10%,-17.5,129.96
5/12/22,1.75%,-0.10%,-17.5,128.32
5/13/22,1.75%,-0.10%,-17.5,129.19
5/14/22,1.75%,-0.10%,-17.5,129.19
5/15/22,1.75%,-0.10%,-17.5,129.19
5/16/22,1.75%,-0.10%,-17.5,129.16
5/17/22,1.75%,-0.10%,-17.5,129.39
5/18/22,1.75%,-0.10%,-17.5,128.22
5/19/22,1.75%,-0.10%,-17.5,127.8
5/20/22,1.75%,-0.10%,-17.5,127.85
5/21/22,1.75%,-0.10%,-17.5,127.85
5/22/22,1.75%,-0.10%,-17.5,127.85
5/23/22,1.75%,-0.10%,-17.5,127.87
5/24/22,1.75%,-0.10%,-17.5,126.8
5/25/22,1.75%,-0.10%,-17.5,127.31
5/26/22,1.75%,-0.10%,-17.5,127.14
5/27/22,1.75%,-0.10%,-17.5,127.11
5/28/22,1.75%,-0.10%,-17.5,127.11
5/29/22,1.75%,-0.10%,-17.5,127.11
5/30/22,1.75%,-0.10%,-17.5,127.55
5/31/22,1.75%,-0.10%,-17.5,128.68
6/1/22,1.75%,-0.10%,-17.5,130.11
6/2/22,1.75%,-0.10%,-17.5,129.83
6/3/22,1.75%,-0.10%,-17.5,130.86
6/4/22,1.75%,-0.10%,-17.5,130.86
6/5/22,1.75%,-0.10%,-17.5,130.86
6/6/22,1.75%,-0.10%,-17.5,131.87
6/7/22,1.75%,-0.10%,-17.5,132.58
6/8/22,1.75%,-0.10%,-17.5,134.24
6/9/22,1.75%,-0.10%,-17.5,134.33
6/10/22,1.75%,-0.10%,-17.5,134.42
6/11/22,1.75%,-0.10%,-17.5,134.42
6/12/22,1.75%,-0.10%,-17.5,134.42
6/13/22,1.75%,-0.10%,-17.5,134.4
6/14/22,1.75%,-0.10%,-17.5,135.47
6/15/22,1.75%,-0.10%,-17.5,133.83
6/16/22,2.50%,-0.10%,-25,132.2
6/17/22,2.50%,-0.10%,-25,134.96
6/18/22,2.50%,-0.10%,-25,134.96
6/19/22,2.50%,-0.10%,-25,134.96
6/20/22,2.50%,-0.10%,-25,135.08
6/21/22,2.50%,-0.10%,-25,136.61
6/22/22,2.50%,-0.10%,-25,136.26
6/23/22,2.50%,-0.10%,-25,134.93
6/24/22,2.50%,-0.10%,-25,135.17
6/25/22,2.50%,-0.10%,-25,135.17
6/26/22,2.50%,-0.10%,-25,135.17
6/27/22,2.50%,-0.10%,-25,135.43
6/28/22,2.50%,-0.10%,-25,136.12
6/29/22,2.50%,-0.10%,-25,136.58
6/30/22,2.50%,-0.10%,-25,135.73
7/1/22,2.50%,-0.10%,-25,135.19
7/2/22,2.50%,-0.10%,-25,135.19
7/3/22,2.50%,-0.10%,-25,135.19
7/4/22,2.50%,-0.10%,-25,135.69
7/5/22,2.50%,-0.10%,-25,135.87
7/6/22,2.50%,-0.10%,-25,135.93
7/7/22,2.50%,-0.10%,-25,135.98
7/8/22,2.50%,-0.10%,-25,136.08
7/9/22,2.50%,-0.10%,-25,136.08
7/10/22,2.50%,-0.10%,-25,136.08
7/11/22,2.50%,-0.10%,-25,137.42
7/12/22,2.50%,-0.10%,-25,136.86
7/13/22,2.50%,-0.10%,-25,137.42
7/14/22,2.50%,-0.10%,-25,138.9
7/15/22,2.50%,-0.10%,-25,138.53
7/16/22,2.50%,-0.10%,-25,138.53
7/17/22,2.50%,-0.10%,-25,138.53
7/18/22,2.50%,-0.10%,-25,138.12
7/19/22,2.50%,-0.10%,-25,138.18
7/20/22,2.50%,-0.10%,-25,138.2
7/21/22,2.50%,-0.10%,-25,137.37
7/22/22,2.50%,-0.10%,-25,136.05
7/23/22,2.50%,-0.10%,-25,136.05
7/24/22,2.50%,-0.10%,-25,136.05
7/25/22,2.50%,-0.10%,-25,136.66
7/26/22,2.50%,-0.10%,-25,136.91
7/27/22,2.50%,-0.10%,-25,136.55
7/28/22,2.50%,-0.10%,-25,134.28
7/29/22,2.50%,-0.10%,-25,133.19
7/30/22,2.50%,-0.10%,-25,133.19
7/31/22,2.50%,-0.10%,-25,133.19
8/1/22,2.50%,-0.10%,-25,131.61
8/2/22,2.50%,-0.10%,-25,133.16
8/3/22,2.50%,-0.10%,-25,133.86
8/4/22,2.50%,-0.10%,-25,132.85
8/5/22,2.50%,-0.10%,-25,134.97
8/6/22,2.50%,-0.10%,-25,134.97
8/7/22,2.50%,-0.10%,-25,134.97
8/8/22,2.50%,-0.10%,-25,135
8/9/22,2.50%,-0.10%,-25,135.13
8/10/22,2.50%,-0.10%,-25,132.87
8/11/22,2.50%,-0.10%,-25,133
8/12/22,2.50%,-0.10%,-25,133.48
8/13/22,2.50%,-0.10%,-25,133.48
8/14/22,2.50%,-0.10%,-25,133.48
8/15/22,2.50%,-0.10%,-25,133.32
8/16/22,2.50%,-0.10%,-25,134.21
8/17/22,2.50%,-0.10%,-25,135.01
8/18/22,2.50%,-0.10%,-25,135.88
8/19/22,2.50%,-0.10%,-25,136.93
8/20/22,2.50%,-0.10%,-25,136.93
8/21/22,2.50%,-0.10%,-25,136.93
8/22/22,2.50%,-0.10%,-25,137.47
8/23/22,2.50%,-0.10%,-25,136.78
8/24/22,2.50%,-0.10%,-25,137.11
8/25/22,2.50%,-0.10%,-25,136.5
8/26/22,2.50%,-0.10%,-25,137.52
8/27/22,2.50%,-0.10%,-25,137.52
8/28/22,2.50%,-0.10%,-25,137.52
8/29/22,2.50%,-0.10%,-25,138.69
8/30/22,2.50%,-0.10%,-25,138.79
8/31/22,2.50%,-0.10%,-25,138.96
9/1/22,3.25%,-0.10%,-32.5,140.2
9/2/22,3.25%,-0.10%,-32.5,140.2
9/3/22,3.25%,-0.10%,-32.5,140.2
9/4/22,3.25%,-0.10%,-32.5,140.2
9/5/22,3.25%,-0.10%,-32.5,140.59
9/6/22,3.25%,-0.10%,-32.5,142.79
9/7/22,3.25%,-0.10%,-32.5,143.7
9/8/22,3.25%,-0.10%,-32.5,144.09
9/9/22,3.25%,-0.10%,-32.5,142.52
9/10/22,3.25%,-0.10%,-32.5,142.52
9/11/22,3.25%,-0.10%,-32.5,142.52
9/12/22,3.25%,-0.10%,-32.5,142.83
9/13/22,3.25%,-0.10%,-32.5,144.55
9/14/22,3.25%,-0.10%,-32.5,143.15
9/15/22,3.25%,-0.10%,-32.5,143.52
9/16/22,3.25%,-0.10%,-32.5,142.91
9/17/22,3.25%,-0.10%,-32.5,142.91
9/18/22,3.25%,-0.10%,-32.5,142.91
9/19/22,3.25%,-0.10%,-32.5,143.2
9/20/22,3.25%,-0.10%,-32.5,143.72
9/21/22,3.25%,-0.10%,-32.5,144.04
9/22/22,3.25%,-0.10%,-32.5,142.35
9/23/22,3.25%,-0.10%,-32.5,143.32
9/24/22,3.25%,-0.10%,-32.5,143.32
9/25/22,3.25%,-0.10%,-32.5,143.32
9/26/22,3.25%,-0.10%,-32.5,144.75
9/27/22,3.25%,-0.10%,-32.5,144.76
9/28/22,3.25%,-0.10%,-32.5,144.16
9/29/22,3.25%,-0.10%,-32.5,144.45
9/30/22,3.25%,-0.10%,-32.5,144.75
10/1/22,3.25%,-0.10%,-32.5,144.75
10/2/22,3.25%,-0.10%,-32.5,144.75
10/3/22,3.25%,-0.10%,-32.5,144.53
10/4/22,3.25%,-0.10%,-32.5,144.09
10/5/22,3.25%,-0.10%,-32.5,144.63
10/6/22,3.25%,-0.10%,-32.5,145.12
10/7/22,3.25%,-0.10%,-32.5,145.33
10/8/22,3.25%,-0.10%,-32.5,145.33
10/9/22,3.25%,-0.10%,-32.5,145.33
10/10/22,3.25%,-0.10%,-32.5,145.68
10/11/22,3.25%,-0.10%,-32.5,145.86
10/12/22,3.25%,-0.10%,-32.5,146.91
10/13/22,3.25%,-0.10%,-32.5,147.22
10/14/22,3.25%,-0.10%,-32.5,148.74
10/15/22,3.25%,-0.10%,-32.5,148.74
10/16/22,3.25%,-0.10%,-32.5,148.74
10/17/22,3.25%,-0.10%,-32.5,149.03
10/18/22,3.25%,-0.10%,-32.5,149.26
10/19/22,3.25%,-0.10%,-32.5,149.89
10/20/22,3.25%,-0.10%,-32.5,150.14
10/21/22,3.25%,-0.10%,-32.5,147.64
10/22/22,3.25%,-0.10%,-32.5,147.64
10/23/22,3.25%,-0.10%,-32.5,147.64
10/24/22,3.25%,-0.10%,-32.5,148.96
10/25/22,3.25%,-0.10%,-32.5,147.91
10/26/22,3.25%,-0.10%,-32.5,146.35
10/27/22,3.25%,-0.10%,-32.5,146.27
10/28/22,3.25%,-0.10%,-32.5,147.45
10/29/22,3.25%,-0.10%,-32.5,147.45
10/30/22,3.25%,-0.10%,-32.5,147.45
10/31/22,3.25%,-0.10%,-32.5,148.71
11/1/22,4.00%,-0.10%,-40,148.28
11/2/22,4.00%,-0.10%,-40,147.9
11/3/22,4.50%,-0.10%,-45,148.27
11/4/22,4.50%,-0.10%,-45,146.59
11/5/22,4.50%,-0.10%,-45,146.59
11/6/22,4.50%,-0.10%,-45,146.59
11/7/22,4.50%,-0.10%,-45,146.62
11/8/22,4.50%,-0.10%,-45,145.66
11/9/22,4.50%,-0.10%,-45,146.44
11/10/22,4.50%,-0.10%,-45,140.95
11/11/22,4.50%,-0.10%,-45,138.79
11/12/22,4.50%,-0.10%,-45,138.79
11/13/22,4.50%,-0.10%,-45,138.79
11/14/22,4.50%,-0.10%,-45,139.88
11/15/22,4.50%,-0.10%,-45,139.29
11/16/22,4.50%,-0.10%,-45,139.55
11/17/22,4.50%,-0.10%,-45,140.18
11/18/22,4.50%,-0.10%,-45,140.35
11/19/22,4.50%,-0.10%,-45,140.35
11/20/22,4.50%,-0.10%,-45,140.35
11/21/22,4.50%,-0.10%,-45,142.12
11/22/22,4.50%,-0.10%,-45,141.24
11/23/22,4.50%,-0.10%,-45,139.59
11/24/22,4.50%,-0.10%,-45,138.61
11/25/22,4.50%,-0.10%,-45,139.1
11/26/22,4.50%,-0.10%,-45,139.1
11/27/22,4.50%,-0.10%,-45,139.1
11/28/22,4.50%,-0.10%,-45,138.94
11/29/22,4.50%,-0.10%,-45,138.68
11/30/22,4.50%,-0.10%,-45,138.03
12/1/22,4.50%,-0.10%,-45,135.27
12/2/22,4.50%,-0.10%,-45,134.3
12/3/22,4.50%,-0.10%,-45,134.3
12/4/22,4.50%,-0.10%,-45,134.3
12/5/22,4.50%,-0.10%,-45,136.74
12/6/22,4.50%,-0.10%,-45,137.05
12/7/22,4.50%,-0.10%,-45,136.6
12/8/22,4.50%,-0.10%,-45,136.65
12/9/22,4.50%,-0.10%,-45,136.56
12/10/22,4.50%,-0.10%,-45,136.56
12/11/22,4.50%,-0.10%,-45,136.56
12/12/22,4.50%,-0.10%,-45,137.66
12/13/22,4.50%,-0.10%,-45,135.57
12/14/22,4.50%,-0.10%,-45,135.47
12/15/22,4.50%,-0.10%,-45,137.76
12/16/22,4.50%,-0.10%,-45,136.69
12/17/22,4.50%,-0.10%,-45,136.69
12/18/22,4.50%,-0.10%,-45,136.69
12/19/22,4.50%,-0.10%,-45,136.88
12/20/22,4.50%,-0.10%,-45,131.7
12/21/22,4.50%,-0.10%,-45,132.47
12/22/22,4.50%,-0.10%,-45,132.33
12/23/22,4.50%,-0.10%,-45,132.79
12/24/22,4.50%,-0.10%,-45,132.79
12/25/22,4.50%,-0.10%,-45,132.79
12/26/22,4.50%,-0.10%,-45,132.86
12/27/22,4.50%,-0.10%,-45,133.48
12/28/22,4.50%,-0.10%,-45,134.47
12/29/22,4.50%,-0.10%,-45,133.01
12/30/22,4.50%,-0.10%,-45,131.11
12/31/22,4.50%,-0.10%,-45,131.11
1/1/23,4.50%,-0.10%,-45,131.11
1/2/23,4.50%,-0.10%,-45,130.73
1/3/23,4.50%,-0.10%,-45,131
1/4/23,4.50%,-0.10%,-45,132.62
1/5/23,4.50%,-0.10%,-45,133.4
1/6/23,4.50%,-0.10%,-45,132.07
1/7/23,4.50%,-0.10%,-45,132.07
1/8/23,4.50%,-0.10%,-45,132.07
1/9/23,4.50%,-0.10%,-45,131.88
1/10/23,4.50%,-0.10%,-45,132.25
1/11/23,4.50%,-0.10%,-45,132.47
1/12/23,4.50%,-0.10%,-45,129.22
1/13/23,4.50%,-0.10%,-45,127.88
1/14/23,4.50%,-0.10%,-45,127.88
1/15/23,4.50%,-0.10%,-45,127.88
1/16/23,4.50%,-0.10%,-45,128.54
1/17/23,4.50%,-0.10%,-45,128.13