Symbol,Date,Open,High,Low,Close
USDJPY:CUR,2/11/2018,108.78,108.88,108.69,108.82
USDJPY:CUR,2/12/2018,108.79,108.94,108.42,108.64
USDJPY:CUR,2/13/2018,108.64,108.77,107.39,107.82
USDJPY:CUR,2/14/2018,107.81,107.89,106.7,107
USDJPY:CUR,2/15/2018,106.99,107.02,106.01,106.11
USDJPY:CUR,2/16/2018,106.12,106.39,105.52,106.3
USDJPY:CUR,2/18/2018,106.17,106.36,106.16,106.17
USDJPY:CUR,2/19/2018,106.32,106.72,106.08,106.59
USDJPY:CUR,2/20/2018,106.59,107.37,106.55,107.31
USDJPY:CUR,2/21/2018,107.32,107.9,107.25,107.76
USDJPY:CUR,2/22/2018,107.76,107.79,106.58,106.74
USDJPY:CUR,2/23/2018,106.74,107.13,106.48,106.88
USDJPY:CUR,2/25/2018,106.87,107.21,106.87,107.09
USDJPY:CUR,2/26/2018,106.83,107.28,106.36,106.92
USDJPY:CUR,2/27/2018,106.92,107.67,106.76,107.31
USDJPY:CUR,2/28/2018,107.32,107.52,106.54,106.67
USDJPY:CUR,3/1/2018,106.66,107.19,106.15,106.23
USDJPY:CUR,3/2/2018,106.21,106.29,105.23,105.73
USDJPY:CUR,3/4/2018,105.71,105.71,105.4,105.54
USDJPY:CUR,3/5/2018,105.68,106.23,105.34,106.19
USDJPY:CUR,3/6/2018,106.19,106.46,105.83,106.11
USDJPY:CUR,3/7/2018,106.11,106.21,105.43,106.06
USDJPY:CUR,3/8/2018,106.06,106.31,105.87,106.2
USDJPY:CUR,3/9/2018,106.22,107.04,106.13,106.77
USDJPY:CUR,3/11/2018,106.81,106.9,106.61,106.82
USDJPY:CUR,3/12/2018,106.8,106.97,106.3,106.41
USDJPY:CUR,3/13/2018,106.4,107.29,106.23,106.56
USDJPY:CUR,3/14/2018,106.56,106.74,106.04,106.32
USDJPY:CUR,3/15/2018,106.31,106.41,105.77,106.33
USDJPY:CUR,3/16/2018,106.33,106.38,105.59,106
USDJPY:CUR,3/18/2018,105.97,106.06,105.89,105.96
USDJPY:CUR,3/19/2018,105.94,106.3,105.66,106.08
USDJPY:CUR,3/20/2018,106.08,106.6,105.91,106.53
USDJPY:CUR,3/21/2018,106.52,106.63,105.86,106.04
USDJPY:CUR,3/22/2018,106.04,106.08,105.23,105.26
USDJPY:CUR,3/23/2018,105.27,105.34,104.62,104.72
USDJPY:CUR,3/26/2018,104.72,105.48,104.55,105.4
USDJPY:CUR,3/27/2018,105.39,105.9,105.31,105.33
USDJPY:CUR,3/28/2018,105.33,107.01,105.3,106.85
USDJPY:CUR,3/29/2018,106.84,106.92,106.24,106.42
USDJPY:CUR,3/30/2018,106.41,106.53,106.09,106.26
USDJPY:CUR,4/1/2018,106.24,106.39,106.18,106.28
USDJPY:CUR,4/2/2018,106.24,106.44,105.64,105.88
USDJPY:CUR,4/3/2018,105.88,106.65,105.68,106.59
USDJPY:CUR,4/4/2018,106.6,106.84,105.97,106.77
USDJPY:CUR,4/5/2018,106.76,107.49,106.7,107.37
USDJPY:CUR,4/6/2018,107.37,107.45,106.76,106.91
USDJPY:CUR,4/8/2018,106.92,107.03,106.8,106.98
USDJPY:CUR,4/9/2018,106.91,107.2,106.6,106.75
USDJPY:CUR,4/10/2018,106.79,107.39,106.6,107.19
USDJPY:CUR,4/11/2018,107.19,107.24,106.62,106.78
USDJPY:CUR,4/12/2018,106.78,107.42,106.68,107.32
USDJPY:CUR,4/13/2018,107.32,107.77,107.17,107.33
USDJPY:CUR,4/15/2018,107.32,107.6,107.32,107.5
USDJPY:CUR,4/16/2018,107.36,107.61,107.01,107.1
USDJPY:CUR,4/17/2018,107.11,107.2,106.85,106.99
USDJPY:CUR,4/18/2018,106.98,107.38,106.98,107.23
USDJPY:CUR,4/19/2018,107.22,107.51,107.15,107.36
USDJPY:CUR,4/20/2018,107.36,107.85,107.34,107.65
USDJPY:CUR,4/22/2018,107.65,107.85,107.65,107.84
USDJPY:CUR,4/23/2018,107.62,108.75,107.62,108.7
USDJPY:CUR,4/24/2018,108.69,109.19,108.53,108.81
USDJPY:CUR,4/25/2018,108.8,109.45,108.78,109.41
USDJPY:CUR,4/26/2018,109.41,109.46,109.04,109.29
USDJPY:CUR,4/27/2018,109.29,109.53,108.95,109.03
USDJPY:CUR,4/29/2018,109.01,109.17,109.01,109.1
USDJPY:CUR,4/30/2018,109,109.45,109,109.33
USDJPY:CUR,5/1/2018,109.33,109.88,109.22,109.85
USDJPY:CUR,5/2/2018,109.84,110.02,109.57,109.83
USDJPY:CUR,5/3/2018,109.81,109.87,108.92,109.18
USDJPY:CUR,5/4/2018,109.18,109.27,108.62,109.11
USDJPY:CUR,5/7/2018,109.11,109.39,108.74,109.08
USDJPY:CUR,5/8/2018,109.07,109.35,108.81,109.11
USDJPY:CUR,5/9/2018,109.11,109.83,108.97,109.74
USDJPY:CUR,5/10/2018,109.74,110.01,109.29,109.38
USDJPY:CUR,5/11/2018,109.39,109.56,109.13,109.38
USDJPY:CUR,5/14/2018,109.38,109.66,109.19,109.65
USDJPY:CUR,5/15/2018,109.65,110.45,109.64,110.34
USDJPY:CUR,5/16/2018,110.33,110.4,110.01,110.38
USDJPY:CUR,5/17/2018,110.38,110.85,110.05,110.76
USDJPY:CUR,5/18/2018,110.76,111.07,110.59,110.74
USDJPY:CUR,5/20/2018,110.87,110.9,110.82,110.88
USDJPY:CUR,5/21/2018,110.71,111.39,110.71,111.04
USDJPY:CUR,5/22/2018,111.04,111.18,110.78,110.88
USDJPY:CUR,5/23/2018,110.89,110.92,109.53,110.07
USDJPY:CUR,5/24/2018,110.07,110.1,108.94,109.24
USDJPY:CUR,5/25/2018,109.24,109.74,109.1,109.38
USDJPY:CUR,5/28/2018,109.55,109.82,109.22,109.41
USDJPY:CUR,5/29/2018,109.4,109.46,108.1,108.75
USDJPY:CUR,5/30/2018,108.75,109.07,108.33,108.9
USDJPY:CUR,5/31/2018,108.89,109,108.37,108.81
USDJPY:CUR,6/1/2018,108.8,109.73,108.7,109.53
USDJPY:CUR,6/3/2018,109.49,109.56,109.43,109.51
USDJPY:CUR,6/4/2018,109.49,109.85,109.36,109.8
USDJPY:CUR,6/5/2018,109.81,110,109.45,109.78
USDJPY:CUR,6/6/2018,109.78,110.26,109.77,110.16
USDJPY:CUR,6/7/2018,110.17,110.21,109.47,109.69
USDJPY:CUR,6/8/2018,109.69,109.85,109.17,109.53
USDJPY:CUR,6/10/2018,109.46,109.48,109.2,109.43
USDJPY:CUR,6/11/2018,109.46,110.11,109.2,110.02
USDJPY:CUR,6/12/2018,110.02,110.49,109.97,110.36
USDJPY:CUR,6/13/2018,110.36,110.84,110.24,110.32
USDJPY:CUR,6/14/2018,110.32,110.69,109.89,110.62
USDJPY:CUR,6/15/2018,110.61,110.9,110.37,110.66
USDJPY:CUR,6/17/2018,110.66,110.74,110.58,110.65
USDJPY:CUR,6/18/2018,110.66,110.74,110.29,110.54
USDJPY:CUR,6/19/2018,110.54,110.57,109.53,110.04
USDJPY:CUR,6/20/2018,110.05,110.44,109.84,110.35
USDJPY:CUR,6/21/2018,110.34,110.75,109.81,109.98
USDJPY:CUR,6/22/2018,109.97,110.21,109.78,109.96
USDJPY:CUR,6/24/2018,109.9,110.02,109.72,109.88
USDJPY:CUR,6/25/2018,109.9,110.02,109.35,109.76
USDJPY:CUR,6/26/2018,109.74,110.2,109.35,110.05
USDJPY:CUR,6/27/2018,110.05,110.48,109.67,110.25
USDJPY:CUR,6/28/2018,110.24,110.64,109.95,110.48
USDJPY:CUR,6/29/2018,110.47,110.93,110.37,110.66
USDJPY:CUR,7/1/2018,110.69,110.83,110.48,110.73
USDJPY:CUR,7/2/2018,110.67,111.06,110.48,110.89
USDJPY:CUR,7/3/2018,110.89,111.13,110.49,110.58
USDJPY:CUR,7/4/2018,110.58,110.62,110.26,110.45
USDJPY:CUR,7/5/2018,110.45,110.71,110.28,110.61
USDJPY:CUR,7/6/2018,110.61,110.78,110.35,110.45
USDJPY:CUR,7/8/2018,110.49,110.49,110.3,110.42
USDJPY:CUR,7/9/2018,110.49,110.9,110.3,110.84
USDJPY:CUR,7/10/2018,110.84,111.35,110.78,110.98
USDJPY:CUR,7/11/2018,110.97,112.17,110.75,112
USDJPY:CUR,7/12/2018,112,112.62,111.89,112.55
USDJPY:CUR,7/13/2018,112.55,112.79,112.26,112.36
USDJPY:CUR,7/15/2018,112.26,112.47,112.23,112.43
USDJPY:CUR,7/16/2018,112.34,112.55,112.18,112.28
USDJPY:CUR,7/17/2018,112.27,112.92,112.2,112.85
USDJPY:CUR,7/18/2018,112.87,113.13,112.69,112.83
USDJPY:CUR,7/19/2018,112.84,113.16,112.05,112.45
USDJPY:CUR,7/20/2018,112.44,112.61,111.37,111.39
USDJPY:CUR,7/22/2018,111.49,111.51,111.14,111.2
USDJPY:CUR,7/23/2018,111.49,111.54,110.74,111.33
USDJPY:CUR,7/24/2018,111.34,111.51,110.95,111.19
USDJPY:CUR,7/25/2018,111.2,111.38,110.65,110.97
USDJPY:CUR,7/26/2018,110.96,111.24,110.58,111.22
USDJPY:CUR,7/27/2018,111.21,111.24,110.78,111.03
USDJPY:CUR,7/30/2018,111.03,111.16,110.88,111.06
USDJPY:CUR,7/31/2018,111.03,111.95,110.76,111.86
USDJPY:CUR,8/1/2018,111.86,112.14,111.38,111.71
USDJPY:CUR,8/2/2018,111.7,111.74,111.31,111.65
USDJPY:CUR,8/3/2018,111.64,111.81,111.07,111.25
USDJPY:CUR,8/5/2018,111.19,111.26,111.14,111.23
USDJPY:CUR,8/6/2018,111.19,111.52,111.14,111.4
USDJPY:CUR,8/7/2018,111.39,111.47,110.98,111.37
USDJPY:CUR,8/8/2018,111.37,111.43,110.81,110.97
USDJPY:CUR,8/9/2018,110.97,111.18,110.68,111.07
USDJPY:CUR,8/10/2018,111.07,111.16,110.48,110.92
USDJPY:CUR,8/12/2018,110.92,110.92,110.31,110.67
USDJPY:CUR,8/13/2018,110.92,110.93,110.1,110.71
USDJPY:CUR,8/14/2018,110.68,111.31,110.58,111.14
USDJPY:CUR,8/15/2018,111.13,111.42,110.4,110.73
USDJPY:CUR,8/16/2018,110.73,111.11,110.45,110.88
USDJPY:CUR,8/17/2018,110.88,111.04,110.29,110.49
USDJPY:CUR,8/19/2018,110.52,110.56,110.5,110.52
USDJPY:CUR,8/20/2018,110.51,110.68,110.01,110.06
USDJPY:CUR,8/21/2018,110.05,110.54,109.76,110.29
USDJPY:CUR,8/22/2018,110.28,110.61,110.01,110.54
USDJPY:CUR,8/23/2018,110.53,111.31,110.5,111.28
USDJPY:CUR,8/24/2018,111.27,111.48,111.09,111.22
USDJPY:CUR,8/27/2018,111.24,111.36,110.92,111.08
USDJPY:CUR,8/28/2018,111.07,111.35,110.94,111.18
USDJPY:CUR,8/29/2018,111.18,111.82,111.09,111.65
USDJPY:CUR,8/30/2018,111.67,111.75,110.93,110.96
USDJPY:CUR,8/31/2018,110.97,111.13,110.66,111.02
USDJPY:CUR,9/2/2018,111.07,111.19,111.03,111.15
USDJPY:CUR,9/3/2018,111.07,111.18,110.84,111.07
USDJPY:CUR,9/4/2018,111.14,111.53,111.11,111.48
USDJPY:CUR,9/5/2018,111.47,111.76,111.4,111.44
USDJPY:CUR,9/6/2018,111.45,111.45,110.46,110.48
USDJPY:CUR,9/7/2018,110.49,111.24,110.38,110.98
USDJPY:CUR,9/9/2018,110.96,111.09,110.88,110.9
USDJPY:CUR,9/10/2018,110.96,111.24,110.84,111.11
USDJPY:CUR,9/11/2018,111.11,111.64,111.04,111.62
USDJPY:CUR,9/12/2018,111.62,111.64,111.11,111.25
USDJPY:CUR,9/13/2018,111.25,111.99,111.14,111.92
USDJPY:CUR,9/14/2018,111.91,112.16,111.74,112.04
USDJPY:CUR,9/16/2018,112.01,112.06,111.94,112
USDJPY:CUR,9/17/2018,111.94,112.12,111.74,111.83
USDJPY:CUR,9/18/2018,111.84,112.38,111.65,112.35
USDJPY:CUR,9/19/2018,112.34,112.44,112.15,112.27
USDJPY:CUR,9/20/2018,112.27,112.58,112.01,112.48
USDJPY:CUR,9/21/2018,112.47,112.87,112.4,112.56
USDJPY:CUR,9/23/2018,112.45,112.57,112.45,112.5
USDJPY:CUR,9/24/2018,112.56,112.83,112.26,112.79
USDJPY:CUR,9/25/2018,112.79,112.97,112.72,112.97
USDJPY:CUR,9/26/2018,112.96,113.13,112.61,112.72
USDJPY:CUR,9/27/2018,112.73,113.46,112.53,113.36
USDJPY:CUR,9/28/2018,113.36,113.7,113.29,113.68
USDJPY:CUR,9/30/2018,113.68,113.85,113.65,113.81
USDJPY:CUR,10/1/2018,113.68,114.06,113.65,113.91
USDJPY:CUR,10/2/2018,113.91,114.01,113.5,113.66
USDJPY:CUR,10/3/2018,113.64,114.54,113.51,114.53
USDJPY:CUR,10/4/2018,114.53,114.54,113.62,113.9
USDJPY:CUR,10/5/2018,113.88,114.09,113.53,113.7
USDJPY:CUR,10/8/2018,113.69,113.94,112.81,113.23
USDJPY:CUR,10/9/2018,113.2,113.39,112.86,112.94
USDJPY:CUR,10/10/2018,112.95,113.28,112.23,112.27
USDJPY:CUR,10/11/2018,112.26,112.53,111.83,112.16
USDJPY:CUR,10/12/2018,112.15,112.49,111.87,112.19
USDJPY:CUR,10/14/2018,112.09,112.25,112.09,112.22
USDJPY:CUR,10/15/2018,112.09,112.25,111.61,111.76
USDJPY:CUR,10/16/2018,111.76,112.33,111.72,112.25
USDJPY:CUR,10/17/2018,112.25,112.67,111.98,112.64
USDJPY:CUR,10/18/2018,112.63,112.72,111.95,112.18
USDJPY:CUR,10/19/2018,112.2,112.64,112.11,112.54
USDJPY:CUR,10/21/2018,112.53,112.59,112.42,112.43
USDJPY:CUR,10/22/2018,112.48,112.88,112.34,112.8
USDJPY:CUR,10/23/2018,112.81,112.84,111.93,112.43
USDJPY:CUR,10/24/2018,112.42,112.74,112.08,112.25
USDJPY:CUR,10/25/2018,112.23,112.67,111.81,112.4
USDJPY:CUR,10/26/2018,112.37,112.44,111.36,111.89
USDJPY:CUR,10/28/2018,111.9,111.98,111.8,111.92
USDJPY:CUR,10/29/2018,111.9,112.55,111.76,112.36
USDJPY:CUR,10/30/2018,112.36,113.09,112.27,113.08
USDJPY:CUR,10/31/2018,113.12,113.38,112.79,112.93
USDJPY:CUR,11/1/2018,112.93,112.99,112.59,112.7
USDJPY:CUR,11/2/2018,112.69,113.31,112.55,113.18
USDJPY:CUR,11/4/2018,113.17,113.23,113.1,113.14
USDJPY:CUR,11/5/2018,113.17,113.33,113.05,113.18
USDJPY:CUR,11/6/2018,113.19,113.49,113.09,113.42
USDJPY:CUR,11/7/2018,113.42,113.81,112.92,113.51
USDJPY:CUR,11/8/2018,113.51,114.08,113.46,114.06
USDJPY:CUR,11/9/2018,113.96,114.01,113.64,113.79
USDJPY:CUR,11/12/2018,113.82,114.2,113.65,113.83
USDJPY:CUR,11/13/2018,113.82,114.14,113.56,113.8
USDJPY:CUR,11/14/2018,113.79,114,113.28,113.61
USDJPY:CUR,11/15/2018,113.61,113.7,113.09,113.62
USDJPY:CUR,11/16/2018,113.62,113.64,112.62,112.82
USDJPY:CUR,11/18/2018,112.64,112.68,112.61,112.68
USDJPY:CUR,11/19/2018,112.82,112.87,112.41,112.54
USDJPY:CUR,11/20/2018,112.54,112.83,112.29,112.75
USDJPY:CUR,11/21/2018,112.76,113.14,112.61,113.05
USDJPY:CUR,11/22/2018,113.03,113.13,112.85,112.93
USDJPY:CUR,11/23/2018,112.93,113.01,112.63,112.94
USDJPY:CUR,11/25/2018,112.94,112.94,112.87,112.89
USDJPY:CUR,11/26/2018,112.94,113.64,112.85,113.59
USDJPY:CUR,11/27/2018,113.57,113.84,113.4,113.77
USDJPY:CUR,11/28/2018,113.77,114.03,113.43,113.68
USDJPY:CUR,11/29/2018,113.68,113.68,113.18,113.47
USDJPY:CUR,11/30/2018,113.48,113.7,113.31,113.46
USDJPY:CUR,12/2/2018,113.46,113.85,113.46,113.76
USDJPY:CUR,12/3/2018,113.46,113.85,113.36,113.65
USDJPY:CUR,12/4/2018,113.64,113.66,112.56,112.77
USDJPY:CUR,12/5/2018,112.76,113.24,112.63,113.19
USDJPY:CUR,12/6/2018,113.18,113.2,112.21,112.66
USDJPY:CUR,12/7/2018,112.65,112.92,112.53,112.72
USDJPY:CUR,12/9/2018,112.69,112.69,112.42,112.46
USDJPY:CUR,12/10/2018,112.69,113.36,112.23,113.33
USDJPY:CUR,12/11/2018,113.32,113.46,112.99,113.37
USDJPY:CUR,12/12/2018,113.37,113.51,113.13,113.27
USDJPY:CUR,12/13/2018,113.27,113.7,113.19,113.62
USDJPY:CUR,12/14/2018,113.63,113.68,113.2,113.37
USDJPY:CUR,12/17/2018,113.31,113.52,112.67,112.82
USDJPY:CUR,12/18/2018,112.82,112.86,112.23,112.51
USDJPY:CUR,12/19/2018,112.51,112.65,112.08,112.47
USDJPY:CUR,12/20/2018,112.47,112.6,110.8,111.28
USDJPY:CUR,12/21/2018,111.28,111.45,110.92,111.21
USDJPY:CUR,12/23/2018,111.02,111.18,111.02,111.18
USDJPY:CUR,12/24/2018,110.93,111.19,110.25,110.43
USDJPY:CUR,12/25/2018,110.42,110.45,109.99,110.27
USDJPY:CUR,12/26/2018,110.29,111.4,110.12,111.35
USDJPY:CUR,12/27/2018,111.36,111.38,110.44,110.99
USDJPY:CUR,12/28/2018,110.96,111.04,110.13,110.26
USDJPY:CUR,12/30/2018,110.42,110.42,110.27,110.34
USDJPY:CUR,12/31/2018,110.42,110.47,109.53,109.56
USDJPY:CUR,1/1/2019,109.56,109.78,109.56,109.71
USDJPY:CUR,1/2/2019,109.66,109.72,108.7,108.87
USDJPY:CUR,1/3/2019,108.87,108.91,104.96,107.65
USDJPY:CUR,1/4/2019,107.66,108.58,107.5,108.52
USDJPY:CUR,1/7/2019,108.53,108.74,108.01,108.7
USDJPY:CUR,1/8/2019,108.71,109.08,108.43,108.73
USDJPY:CUR,1/9/2019,108.73,108.99,107.95,108.16
USDJPY:CUR,1/10/2019,108.15,108.51,107.76,108.42
USDJPY:CUR,1/11/2019,108.42,108.59,108.13,108.54
USDJPY:CUR,1/13/2019,108.5,108.52,108.4,108.47
USDJPY:CUR,1/14/2019,108.46,108.56,107.97,108.16
USDJPY:CUR,1/15/2019,108.15,108.76,108.12,108.66
USDJPY:CUR,1/16/2019,108.67,109.19,108.36,109.08
USDJPY:CUR,1/17/2019,109.08,109.39,108.67,109.23
USDJPY:CUR,1/18/2019,109.25,109.88,109.04,109.76
USDJPY:CUR,1/20/2019,109.74,109.76,109.62,109.71
USDJPY:CUR,1/21/2019,109.74,109.76,109.46,109.66
USDJPY:CUR,1/22/2019,109.65,109.69,109.13,109.36
USDJPY:CUR,1/23/2019,109.36,109.99,109.31,109.59
USDJPY:CUR,1/24/2019,109.57,109.79,109.41,109.63
USDJPY:CUR,1/25/2019,109.63,109.95,109.44,109.53
USDJPY:CUR,1/27/2019,109.51,109.59,109.47,109.48
USDJPY:CUR,1/28/2019,109.51,109.59,109.14,109.34
USDJPY:CUR,1/29/2019,109.34,109.53,109.12,109.38
USDJPY:CUR,1/30/2019,109.38,109.73,108.8,109.02
USDJPY:CUR,1/31/2019,109.03,109.07,108.48,108.87
USDJPY:CUR,2/1/2019,108.87,109.57,108.71,109.48
USDJPY:CUR,2/3/2019,109.49,109.52,109.44,109.44
USDJPY:CUR,2/4/2019,109.49,110.15,109.42,109.88
USDJPY:CUR,2/5/2019,109.88,110.03,109.77,109.96
USDJPY:CUR,2/6/2019,109.96,110.05,109.54,109.96
USDJPY:CUR,2/7/2019,109.96,110.08,109.59,109.8
USDJPY:CUR,2/8/2019,109.8,109.89,109.63,109.72
USDJPY:CUR,2/10/2019,109.86,109.87,109.84,109.85
USDJPY:CUR,2/11/2019,109.82,110.46,109.67,110.36
USDJPY:CUR,2/12/2019,110.36,110.64,110.33,110.48
USDJPY:CUR,2/13/2019,110.48,111.05,110.41,110.99
USDJPY:CUR,2/14/2019,111,111.12,110.44,110.47
USDJPY:CUR,2/15/2019,110.47,110.64,110.24,110.48
USDJPY:CUR,2/17/2019,110.45,110.53,110.45,110.5
USDJPY:CUR,2/18/2019,110.43,110.65,110.37,110.6
USDJPY:CUR,2/19/2019,110.6,110.82,110.44,110.61
USDJPY:CUR,2/20/2019,110.62,110.94,110.51,110.85
USDJPY:CUR,2/21/2019,110.84,110.87,110.56,110.69
USDJPY:CUR,2/22/2019,110.68,110.9,110.55,110.68
USDJPY:CUR,2/24/2019,110.66,110.79,110.61,110.78
USDJPY:CUR,2/25/2019,110.66,111.23,110.56,111.06
USDJPY:CUR,2/26/2019,111.05,111.08,110.41,110.57
USDJPY:CUR,2/27/2019,110.57,111.07,110.34,110.98
USDJPY:CUR,2/28/2019,110.98,111.49,110.64,111.37
USDJPY:CUR,3/1/2019,111.38,112.07,111.31,111.9
USDJPY:CUR,3/3/2019,111.76,111.96,111.71,111.95
USDJPY:CUR,3/4/2019,111.76,112.01,111.63,111.74
USDJPY:CUR,3/5/2019,111.72,112.12,111.7,111.89
USDJPY:CUR,3/6/2019,111.87,111.92,111.6,111.75
USDJPY:CUR,3/7/2019,111.75,111.85,111.47,111.58
USDJPY:CUR,3/8/2019,111.56,111.64,110.77,111.15
USDJPY:CUR,3/10/2019,111.11,111.17,110.95,111.13
USDJPY:CUR,3/11/2019,111.12,111.3,110.86,111.19
USDJPY:CUR,3/12/2019,111.19,111.46,111.09,111.35
USDJPY:CUR,3/13/2019,111.34,111.46,110.99,111.15
USDJPY:CUR,3/14/2019,111.14,111.83,111.13,111.7
USDJPY:CUR,3/15/2019,111.69,111.89,111.37,111.45
USDJPY:CUR,3/18/2019,111.45,111.62,111.28,111.42
USDJPY:CUR,3/19/2019,111.42,111.47,111.14,111.37
USDJPY:CUR,3/20/2019,111.39,111.68,110.52,110.68
USDJPY:CUR,3/21/2019,110.7,110.95,110.28,110.8
USDJPY:CUR,3/22/2019,110.8,110.89,109.73,109.91
USDJPY:CUR,3/24/2019,109.98,110.14,109.93,110.09
USDJPY:CUR,3/25/2019,109.84,110.23,109.7,109.95
USDJPY:CUR,3/26/2019,109.96,110.68,109.92,110.62
USDJPY:CUR,3/27/2019,110.63,110.7,110.22,110.51
USDJPY:CUR,3/28/2019,110.5,110.82,110.01,110.62
USDJPY:CUR,3/29/2019,110.61,110.94,110.52,110.84
USDJPY:CUR,3/31/2019,111.01,111.1,110.88,110.95
USDJPY:CUR,4/1/2019,110.79,111.44,110.79,111.34
USDJPY:CUR,4/2/2019,111.33,111.45,111.24,111.31
USDJPY:CUR,4/3/2019,111.31,111.57,111.19,111.47
USDJPY:CUR,4/4/2019,111.47,111.68,111.32,111.65
USDJPY:CUR,4/5/2019,111.64,111.81,111.58,111.73
USDJPY:CUR,4/7/2019,111.63,111.71,111.63,111.71
USDJPY:CUR,4/8/2019,111.71,111.78,111.27,111.47
USDJPY:CUR,4/9/2019,111.47,111.57,110.96,111.12
USDJPY:CUR,4/10/2019,111.12,111.27,110.83,111
USDJPY:CUR,4/11/2019,111.01,111.69,110.89,111.65
USDJPY:CUR,4/12/2019,111.65,112.09,111.57,112.02
USDJPY:CUR,4/14/2019,111.99,112.06,111.97,112.05
USDJPY:CUR,4/15/2019,112,112.09,111.87,112.03
USDJPY:CUR,4/16/2019,112.03,112.05,111.83,111.99
USDJPY:CUR,4/17/2019,112.01,112.16,111.91,112.05
USDJPY:CUR,4/18/2019,112.04,112.07,111.75,111.96
USDJPY:CUR,4/19/2019,111.96,112,111.87,111.91
USDJPY:CUR,4/21/2019,111.91,111.93,111.9,111.91
USDJPY:CUR,4/22/2019,111.92,111.98,111.84,111.93
USDJPY:CUR,4/23/2019,111.93,112.03,111.64,111.86
USDJPY:CUR,4/24/2019,111.85,112.39,111.67,112.17
USDJPY:CUR,4/25/2019,112.17,112.23,111.37,111.62
USDJPY:CUR,4/26/2019,111.62,112.01,111.41,111.58
USDJPY:CUR,4/28/2019,111.54,111.61,111.53,111.6
USDJPY:CUR,4/29/2019,111.59,111.89,111.51,111.63
USDJPY:CUR,4/30/2019,111.64,111.69,111.22,111.41
USDJPY:CUR,5/1/2019,111.43,111.61,111.03,111.37
USDJPY:CUR,5/2/2019,111.37,111.66,111.34,111.5
USDJPY:CUR,5/3/2019,111.5,111.68,111.05,111.09
USDJPY:CUR,5/5/2019,110.71,110.84,110.54,110.82
USDJPY:CUR,5/6/2019,110.61,110.97,110.27,110.76
USDJPY:CUR,5/7/2019,110.76,110.85,110.16,110.24
USDJPY:CUR,5/8/2019,110.24,110.3,109.89,110.1
USDJPY:CUR,5/9/2019,110.09,110.12,109.46,109.75
USDJPY:CUR,5/10/2019,109.75,110.04,109.46,109.94
USDJPY:CUR,5/12/2019,109.79,109.84,109.64,109.66
USDJPY:CUR,5/13/2019,109.75,109.84,109.01,109.3
USDJPY:CUR,5/14/2019,109.28,109.77,109.13,109.59
USDJPY:CUR,5/15/2019,109.6,109.7,109.14,109.58
USDJPY:CUR,5/16/2019,109.59,109.96,109.32,109.84
USDJPY:CUR,5/17/2019,109.84,110.17,109.48,110.07
USDJPY:CUR,5/19/2019,110.07,110.14,110.01,110.12
USDJPY:CUR,5/20/2019,110.12,110.31,109.8,110.05
USDJPY:CUR,5/21/2019,110.05,110.67,110.01,110.49
USDJPY:CUR,5/22/2019,110.47,110.62,110.23,110.34
USDJPY:CUR,5/23/2019,110.34,110.36,109.45,109.59
USDJPY:CUR,5/24/2019,109.59,109.74,109.26,109.29
USDJPY:CUR,5/26/2019,109.33,109.42,109.28,109.38
USDJPY:CUR,5/27/2019,109.3,109.58,109.27,109.5
USDJPY:CUR,5/28/2019,109.49,109.62,109.2,109.36
USDJPY:CUR,5/29/2019,109.36,109.69,109.13,109.58
USDJPY:CUR,5/30/2019,109.59,109.92,109.46,109.6
USDJPY:CUR,5/31/2019,109.61,109.62,108.26,108.26
USDJPY:CUR,6/2/2019,108.27,108.35,108.17,108.24
USDJPY:CUR,6/3/2019,108.36,108.44,107.87,108.06
USDJPY:CUR,6/4/2019,108.07,108.35,107.83,108.14
USDJPY:CUR,6/5/2019,108.13,108.48,107.8,108.45
USDJPY:CUR,6/6/2019,108.45,108.56,108.01,108.4
USDJPY:CUR,6/7/2019,108.4,108.61,107.87,108.18
USDJPY:CUR,6/9/2019,108.44,108.55,108.43,108.45
USDJPY:CUR,6/10/2019,108.54,108.71,108.31,108.43
USDJPY:CUR,6/11/2019,108.43,108.79,108.34,108.5
USDJPY:CUR,6/12/2019,108.5,108.57,108.2,108.49
USDJPY:CUR,6/13/2019,108.5,108.53,108.15,108.37
USDJPY:CUR,6/14/2019,108.36,108.58,108.14,108.55
USDJPY:CUR,6/16/2019,108.46,108.55,108.46,108.54
USDJPY:CUR,6/17/2019,108.44,108.72,108.4,108.55
USDJPY:CUR,6/18/2019,108.53,108.67,108.05,108.44
USDJPY:CUR,6/19/2019,108.44,108.61,107.89,108.09
USDJPY:CUR,6/20/2019,108.08,108.13,107.2,107.29
USDJPY:CUR,6/21/2019,107.3,107.73,107.04,107.3
USDJPY:CUR,6/23/2019,107.3,107.38,107.28,107.33
USDJPY:CUR,6/24/2019,107.39,107.53,107.23,107.28
USDJPY:CUR,6/25/2019,107.29,107.4,106.77,107.17
USDJPY:CUR,6/26/2019,107.18,107.84,107.08,107.77
USDJPY:CUR,6/27/2019,107.78,108.15,107.63,107.78
USDJPY:CUR,6/28/2019,107.78,107.93,107.55,107.88
USDJPY:CUR,6/30/2019,108.16,108.51,108.15,108.38
USDJPY:CUR,7/1/2019,108.09,108.53,108.09,108.43
USDJPY:CUR,7/2/2019,108.42,108.47,107.75,107.88
USDJPY:CUR,7/3/2019,107.88,107.92,107.52,107.82
USDJPY:CUR,7/4/2019,107.78,107.84,107.69,107.79
USDJPY:CUR,7/5/2019,107.79,108.63,107.77,108.45
USDJPY:CUR,7/7/2019,108.52,108.52,108.5,108.5
USDJPY:CUR,7/8/2019,108.43,108.8,108.27,108.71
USDJPY:CUR,7/9/2019,108.71,108.96,108.66,108.84
USDJPY:CUR,7/10/2019,108.84,108.98,108.33,108.46
USDJPY:CUR,7/11/2019,108.45,108.52,107.85,108.48
USDJPY:CUR,7/12/2019,108.47,108.6,107.78,107.89
USDJPY:CUR,7/14/2019,107.83,107.92,107.83,107.88
USDJPY:CUR,7/15/2019,107.86,108.1,107.78,107.9
USDJPY:CUR,7/16/2019,107.9,108.37,107.81,108.22
USDJPY:CUR,7/17/2019,108.24,108.32,107.93,107.94
USDJPY:CUR,7/18/2019,107.94,108.01,107.2,107.29
USDJPY:CUR,7/19/2019,107.28,107.96,107.2,107.7
USDJPY:CUR,7/21/2019,107.73,107.82,107.7,107.79
USDJPY:CUR,7/22/2019,107.78,108.06,107.69,107.86
USDJPY:CUR,7/23/2019,107.83,108.28,107.81,108.21
USDJPY:CUR,7/24/2019,108.2,108.27,107.92,108.17
USDJPY:CUR,7/25/2019,108.17,108.75,108.02,108.62
USDJPY:CUR,7/26/2019,108.62,108.82,108.55,108.66
USDJPY:CUR,7/28/2019,108.63,108.69,108.59,108.59
USDJPY:CUR,7/29/2019,108.68,108.89,108.41,108.77
USDJPY:CUR,7/30/2019,108.77,108.94,108.44,108.59
USDJPY:CUR,7/31/2019,108.6,108.99,108.48,108.74
USDJPY:CUR,8/1/2019,108.78,109.31,107.25,107.33
USDJPY:CUR,8/2/2019,107.33,107.56,106.49,106.58
USDJPY:CUR,8/4/2019,106.55,106.68,106.53,106.56
USDJPY:CUR,8/5/2019,106.58,106.67,105.77,105.94
USDJPY:CUR,8/6/2019,105.93,107.07,105.51,106.47
USDJPY:CUR,8/7/2019,106.47,106.47,105.48,106.26
USDJPY:CUR,8/8/2019,106.26,106.29,105.88,106.06
USDJPY:CUR,8/9/2019,106.06,106.11,105.25,105.66
USDJPY:CUR,8/11/2019,105.45,105.69,105.31,105.37
USDJPY:CUR,8/12/2019,105.57,105.69,105.03,105.29
USDJPY:CUR,8/13/2019,105.29,106.97,105.05,106.73
USDJPY:CUR,8/14/2019,106.73,106.77,105.64,105.89
USDJPY:CUR,8/15/2019,105.9,106.77,105.69,106.11
USDJPY:CUR,8/16/2019,106.11,106.49,106.01,106.36
USDJPY:CUR,8/18/2019,106.29,106.47,106.25,106.44
USDJPY:CUR,8/19/2019,106.33,106.69,106.23,106.62
USDJPY:CUR,8/20/2019,106.62,106.68,106.16,106.22
USDJPY:CUR,8/21/2019,106.21,106.64,106.21,106.61
USDJPY:CUR,8/22/2019,106.6,106.64,106.24,106.42
USDJPY:CUR,8/23/2019,106.42,106.73,105.25,105.39
USDJPY:CUR,8/25/2019,104.91,105.01,104.45,104.92
USDJPY:CUR,8/26/2019,105.12,106.39,104.44,106.12
USDJPY:CUR,8/27/2019,106.14,106.16,105.58,105.72
USDJPY:CUR,8/28/2019,105.73,106.22,105.64,106.11
USDJPY:CUR,8/29/2019,106.11,106.67,105.82,106.5
USDJPY:CUR,8/30/2019,106.49,106.54,106.09,106.29
USDJPY:CUR,9/1/2019,106.01,106.17,105.92,106.12
USDJPY:CUR,9/2/2019,106.24,106.4,105.92,106.21
USDJPY:CUR,9/3/2019,106.21,106.38,105.72,105.92
USDJPY:CUR,9/4/2019,105.92,106.43,105.82,106.38
USDJPY:CUR,9/5/2019,106.35,107.22,106.31,106.92
USDJPY:CUR,9/6/2019,106.94,107.09,106.61,106.9
USDJPY:CUR,9/8/2019,106.82,107.02,106.82,106.96
USDJPY:CUR,9/9/2019,106.81,107.26,106.75,107.23
USDJPY:CUR,9/10/2019,107.23,107.58,107.17,107.53
USDJPY:CUR,9/11/2019,107.53,107.85,107.49,107.81
USDJPY:CUR,9/12/2019,107.82,108.18,107.5,108.09
USDJPY:CUR,9/13/2019,108.08,108.26,107.9,108.07
USDJPY:CUR,9/15/2019,107.79,107.81,107.74,107.79
USDJPY:CUR,9/16/2019,107.65,108.16,107.47,108.12
USDJPY:CUR,9/17/2019,108.1,108.36,108.01,108.12
USDJPY:CUR,9/18/2019,108.11,108.47,108.07,108.44
USDJPY:CUR,9/19/2019,108.44,108.46,107.77,108
USDJPY:CUR,9/20/2019,108,108.08,107.51,107.55
USDJPY:CUR,9/22/2019,107.69,107.76,107.61,107.72
USDJPY:CUR,9/23/2019,107.52,107.76,107.3,107.54
USDJPY:CUR,9/24/2019,107.53,107.78,106.95,107.05
USDJPY:CUR,9/25/2019,107.05,107.88,106.98,107.76
USDJPY:CUR,9/26/2019,107.76,107.95,107.41,107.82
USDJPY:CUR,9/27/2019,107.81,108.17,107.64,107.92
USDJPY:CUR,9/29/2019,107.86,108.02,107.85,107.92
USDJPY:CUR,9/30/2019,107.9,108.17,107.73,108.06
USDJPY:CUR,10/1/2019,108.06,108.46,107.61,107.74
USDJPY:CUR,10/2/2019,107.72,107.89,107.03,107.17
USDJPY:CUR,10/3/2019,107.17,107.29,106.47,106.9
USDJPY:CUR,10/4/2019,106.9,107.12,106.57,106.93
USDJPY:CUR,10/6/2019,106.71,106.85,106.66,106.79
USDJPY:CUR,10/7/2019,106.96,107.45,106.55,107.28
USDJPY:CUR,10/8/2019,107.28,107.44,106.79,107.07
USDJPY:CUR,10/9/2019,107.07,107.62,106.92,107.46
USDJPY:CUR,10/10/2019,107.46,108.01,107.02,107.96
USDJPY:CUR,10/11/2019,107.97,108.61,107.83,108.4
USDJPY:CUR,10/13/2019,108.35,108.52,108.3,108.47
USDJPY:CUR,10/14/2019,108.34,108.52,108.02,108.38
USDJPY:CUR,10/15/2019,108.41,108.89,108.14,108.84
USDJPY:CUR,10/16/2019,108.84,108.86,108.55,108.75
USDJPY:CUR,10/17/2019,108.75,108.93,108.45,108.65
USDJPY:CUR,10/18/2019,108.52,108.72,108.38,108.38
USDJPY:CUR,10/20/2019,108.44,108.48,108.29,108.38
USDJPY:CUR,10/21/2019,108.46,108.66,108.28,108.59
USDJPY:CUR,10/22/2019,108.6,108.72,108.43,108.47
USDJPY:CUR,10/23/2019,108.48,108.7,108.23,108.68
USDJPY:CUR,10/24/2019,108.67,108.75,108.48,108.61
USDJPY:CUR,10/25/2019,108.61,108.77,108.49,108.64
USDJPY:CUR,10/27/2019,108.72,108.74,108.67,108.7
USDJPY:CUR,10/28/2019,108.66,109.03,108.64,108.94
USDJPY:CUR,10/29/2019,108.94,109.06,108.75,108.87
USDJPY:CUR,10/30/2019,108.87,109.28,108.7,108.83
USDJPY:CUR,10/31/2019,108.82,108.89,107.91,108.02
USDJPY:CUR,11/1/2019,108.05,108.32,107.87,108.17
USDJPY:CUR,11/3/2019,108.23,108.23,108.21,108.23
USDJPY:CUR,11/4/2019,108.17,108.64,108.16,108.56
USDJPY:CUR,11/5/2019,108.57,109.24,108.54,109.15
USDJPY:CUR,11/6/2019,109.15,109.18,108.8,108.96
USDJPY:CUR,11/7/2019,108.96,109.48,108.64,109.27
USDJPY:CUR,11/8/2019,109.27,109.47,109.06,109.27
USDJPY:CUR,11/10/2019,109.22,109.26,109.21,109.24
USDJPY:CUR,11/11/2019,109.19,109.25,108.88,109.04
USDJPY:CUR,11/12/2019,109.05,109.29,108.91,109
USDJPY:CUR,11/13/2019,108.98,109.14,108.64,108.81
USDJPY:CUR,11/14/2019,108.66,108.86,108.24,108.48
USDJPY:CUR,11/15/2019,108.72,108.86,108.45,108.78
USDJPY:CUR,11/17/2019,108.69,108.71,108.69,108.7
USDJPY:CUR,11/18/2019,108.67,109.07,108.51,108.65
USDJPY:CUR,11/19/2019,108.64,108.84,108.39,108.48
USDJPY:CUR,11/20/2019,108.63,108.74,108.35,108.52
USDJPY:CUR,11/21/2019,108.59,108.7,108.46,108.59
USDJPY:CUR,11/22/2019,108.67,108.73,108.48,108.64
USDJPY:CUR,11/24/2019,108.68,108.75,108.65,108.72
USDJPY:CUR,11/25/2019,108.84,109.01,108.7,108.98
USDJPY:CUR,11/26/2019,109.02,109.21,108.88,109.08
USDJPY:CUR,11/27/2019,109.28,109.61,109.07,109.39
USDJPY:CUR,11/28/2019,109.53,109.55,109.34,109.52
USDJPY:CUR,11/29/2019,109.56,109.67,109.4,109.49
USDJPY:CUR,12/1/2019,109.52,109.55,109.47,109.54
USDJPY:CUR,12/2/2019,109.5,109.73,108.93,108.98
USDJPY:CUR,12/3/2019,108.68,109.21,108.48,108.63
USDJPY:CUR,12/4/2019,108.73,108.96,108.43,108.83
USDJPY:CUR,12/5/2019,108.84,109,108.66,108.75
USDJPY:CUR,12/6/2019,108.84,108.92,108.52,108.58
USDJPY:CUR,12/8/2019,108.61,108.66,108.59,108.62
USDJPY:CUR,12/9/2019,108.51,108.68,108.43,108.61
USDJPY:CUR,12/10/2019,108.59,108.86,108.51,108.79
USDJPY:CUR,12/11/2019,108.71,108.8,108.47,108.55
USDJPY:CUR,12/12/2019,108.94,109.58,108.46,109.42
USDJPY:CUR,12/13/2019,109.32,109.71,109.21,109.34
USDJPY:CUR,12/15/2019,109.35,109.45,109.34,109.42
USDJPY:CUR,12/16/2019,109.45,109.68,109.36,109.61
USDJPY:CUR,12/17/2019,109.57,109.63,109.44,109.51
USDJPY:CUR,12/18/2019,109.57,109.63,109.4,109.56
USDJPY:CUR,12/19/2019,109.29,109.69,109.18,109.37
USDJPY:CUR,12/20/2019,109.39,109.52,109.25,109.45
USDJPY:CUR,12/22/2019,109.4,109.54,109.4,109.52
USDJPY:CUR,12/23/2019,109.36,109.49,109.34,109.39
USDJPY:CUR,12/24/2019,109.4,109.44,109.33,109.39
USDJPY:CUR,12/25/2019,109.39,109.42,109.26,109.35
USDJPY:CUR,12/26/2019,109.61,109.68,109.36,109.56
USDJPY:CUR,12/27/2019,109.45,109.59,109.39,109.46
USDJPY:CUR,12/29/2019,109.44,109.47,109.42,109.44
USDJPY:CUR,12/30/2019,108.82,109.45,108.77,108.87
USDJPY:CUR,12/31/2019,108.62,108.88,108.47,108.65
USDJPY:CUR,1/2/2020,108.67,108.87,108.21,108.6
USDJPY:CUR,1/3/2020,108.22,108.56,107.84,108.11
USDJPY:CUR,1/5/2020,107.92,107.95,107.77,107.9
USDJPY:CUR,1/6/2020,108.14,108.51,107.91,108.38
USDJPY:CUR,1/7/2020,108.44,108.63,107.88,107.9
USDJPY:CUR,1/8/2020,108.69,109.24,107.65,109.07
USDJPY:CUR,1/9/2020,109.49,109.58,109.03,109.52
USDJPY:CUR,1/10/2020,109.59,109.69,109.44,109.49
USDJPY:CUR,1/12/2020,109.52,109.59,109.51,109.59
USDJPY:CUR,1/13/2020,109.89,109.95,109.53,109.94
USDJPY:CUR,1/14/2020,109.97,110.21,109.82,109.86
USDJPY:CUR,1/15/2020,109.94,110,109.79,109.88
USDJPY:CUR,1/16/2020,110.06,110.24,109.88,110.22
USDJPY:CUR,1/17/2020,110.15,110.29,110.05,110.1
USDJPY:CUR,1/19/2020,110.13,110.19,110.13,110.18
USDJPY:CUR,1/20/2020,110.17,110.22,110.13,110.17
USDJPY:CUR,1/21/2020,110,110.22,109.76,109.91
USDJPY:CUR,1/22/2020,109.88,110.1,109.66,109.76
USDJPY:CUR,1/23/2020,109.38,109.76,109.27,109.55
USDJPY:CUR,1/24/2020,109.46,109.65,109.17,109.27
USDJPY:CUR,1/26/2020,109.02,109.02,108.73,108.8
USDJPY:CUR,1/27/2020,109,109.14,108.82,108.95
USDJPY:CUR,1/28/2020,109.01,109.27,108.76,109.15
USDJPY:CUR,1/29/2020,109.07,109.26,108.98,109.02
USDJPY:CUR,1/30/2020,108.9,109.05,108.58,108.91
USDJPY:CUR,1/31/2020,108.76,109.14,108.31,108.36
USDJPY:CUR,2/2/2020,108.39,108.42,108.32,108.39
USDJPY:CUR,2/3/2020,108.63,108.8,108.37,108.61
USDJPY:CUR,2/4/2020,109.26,109.54,108.55,109.46
USDJPY:CUR,2/5/2020,109.82,109.85,109.3,109.79
USDJPY:CUR,2/6/2020,109.94,110.02,109.78,109.97
USDJPY:CUR,2/7/2020,109.58,110.01,109.53,109.76
USDJPY:CUR,2/9/2020,109.71,109.78,109.56,109.61
USDJPY:CUR,2/10/2020,109.77,109.88,109.61,109.77
USDJPY:CUR,2/11/2020,109.8,109.96,109.73,109.84
USDJPY:CUR,2/12/2020,110.05,110.13,109.8,110.07
USDJPY:CUR,2/13/2020,109.73,109.99,109.62,109.77
USDJPY:CUR,2/14/2020,109.73,109.91,109.7,109.78
USDJPY:CUR,2/16/2020,109.75,109.83,109.75,109.83
USDJPY:CUR,2/17/2020,109.92,109.96,109.72,109.85
USDJPY:CUR,2/18/2020,109.92,109.95,109.66,109.88
USDJPY:CUR,2/19/2020,110.83,111.59,110.25,111.23
USDJPY:CUR,2/20/2020,112.14,112.23,111.11,112.03
USDJPY:CUR,2/21/2020,110.83,112.19,110.83,111.49
USDJPY:CUR,2/23/2020,111.49,111.6,111.38,111.6
USDJPY:CUR,2/24/2020,110.75,111.68,110.33,110.81
USDJPY:CUR,2/25/2020,110.4,111.04,109.89,110.27
USDJPY:CUR,2/26/2020,110.59,110.7,110.13,110.41
USDJPY:CUR,2/27/2020,109.94,110.4,109.33,109.62
USDJPY:CUR,2/28/2020,110.83,110.83,107.5,107.5
USDJPY:CUR,3/1/2020,107.63,107.78,107.37,107.73
USDJPY:CUR,3/2/2020,107.57,108.58,107.4,108.29
USDJPY:CUR,3/3/2020,107.67,108.48,106.85,107
USDJPY:CUR,3/4/2020,107.17,107.69,107.03,107.62
USDJPY:CUR,3/5/2020,106.75,107.65,105.97,106.16
USDJPY:CUR,3/6/2020,105.17,106.34,104.99,105.32
USDJPY:CUR,3/8/2020,103.87,103.96,103.75,103.92
USDJPY:CUR,3/9/2020,102.28,104.27,101.18,102.96
USDJPY:CUR,3/10/2020,103.89,105.92,102.7,105.03
USDJPY:CUR,3/11/2020,104.62,105.33,104.09,104.6
USDJPY:CUR,3/12/2020,105.06,106.1,103.09,104.58
USDJPY:CUR,3/13/2020,106.98,108.5,104.68,108
USDJPY:CUR,3/15/2020,106.96,107.22,105.74,106.15
USDJPY:CUR,3/16/2020,106.26,107.58,105.15,106.22
USDJPY:CUR,3/17/2020,107.29,107.86,106.08,107.33
USDJPY:CUR,3/18/2020,108.07,108.65,106.75,108.29
USDJPY:CUR,3/19/2020,109.76,111.37,108.2,111.32
USDJPY:CUR,3/20/2020,110.89,111.51,109.33,110.68
USDJPY:CUR,3/22/2020,110.89,110.92,110.75,110.76
USDJPY:CUR,3/23/2020,110.79,111.6,109.67,110.88
USDJPY:CUR,3/24/2020,111.41,111.71,110.08,111.07
USDJPY:CUR,3/25/2020,111.58,111.68,110.76,110.91
USDJPY:CUR,3/26/2020,109.84,110.95,109.2,109.27
USDJPY:CUR,3/27/2020,108.09,109.39,107.76,107.96
USDJPY:CUR,3/29/2020,107.69,107.98,107.51,107.55
USDJPY:CUR,3/30/2020,108.07,108.3,107.13,108.13
USDJPY:CUR,3/31/2020,107.93,108.73,107.41,107.47
USDJPY:CUR,4/1/2020,107.12,107.94,106.92,107.23
USDJPY:CUR,4/2/2020,107.94,108.2,107.02,108.02
USDJPY:CUR,4/3/2020,108.51,108.68,107.8,108.48
USDJPY:CUR,4/5/2020,108.38,108.67,108.37,108.63
USDJPY:CUR,4/6/2020,109.12,109.38,108.67,109.18
USDJPY:CUR,4/7/2020,108.98,109.15,108.62,108.7
USDJPY:CUR,4/8/2020,108.72,109.1,108.51,108.97
USDJPY:CUR,4/9/2020,108.52,109.06,108.21,108.56
USDJPY:CUR,4/10/2020,108.51,108.59,108.33,108.42
USDJPY:CUR,4/12/2020,108.33,108.39,108.26,108.32
USDJPY:CUR,4/13/2020,107.74,108.38,107.5,107.64
USDJPY:CUR,4/14/2020,107.22,107.76,106.98,107.08
USDJPY:CUR,4/15/2020,107.42,107.87,106.93,107.54
USDJPY:CUR,4/16/2020,107.55,108.08,107.17,108.01
USDJPY:CUR,4/17/2020,107.52,107.95,107.3,107.53
USDJPY:CUR,4/19/2020,107.5,107.66,107.5,107.63
USDJPY:CUR,4/20/2020,107.64,107.95,107.57,107.69
USDJPY:CUR,4/21/2020,107.65,107.89,107.28,107.7
USDJPY:CUR,4/22/2020,107.81,107.94,107.51,107.84
USDJPY:CUR,4/23/2020,107.62,108.04,107.35,107.64
USDJPY:CUR,4/24/2020,107.43,107.76,107.37,107.46
USDJPY:CUR,4/26/2020,107.54,107.59,107.41,107.5
USDJPY:CUR,4/27/2020,107.19,107.62,106.99,107.27
USDJPY:CUR,4/28/2020,106.93,107.34,106.56,106.79
USDJPY:CUR,4/29/2020,106.59,106.77,106.36,106.59
USDJPY:CUR,4/30/2020,106.92,107.5,106.41,107.26
USDJPY:CUR,5/1/2020,106.91,107.41,106.61,106.9
USDJPY:CUR,5/3/2020,106.8,106.94,106.72,106.76
USDJPY:CUR,5/4/2020,106.94,107.07,106.64,106.7
USDJPY:CUR,5/5/2020,106.6,106.89,106.42,106.43
USDJPY:CUR,5/6/2020,106.04,106.43,105.99,106.1
USDJPY:CUR,5/7/2020,106.56,106.66,106.14,106.33
USDJPY:CUR,5/8/2020,106.43,106.75,106.22,106.5
USDJPY:CUR,5/10/2020,106.79,106.95,106.78,106.91
USDJPY:CUR,5/11/2020,107.5,107.77,106.78,107.62
USDJPY:CUR,5/12/2020,107.24,107.69,107.09,107.17
USDJPY:CUR,5/13/2020,107.13,107.27,106.74,107
USDJPY:CUR,5/14/2020,107.04,107.37,106.78,107.29
USDJPY:CUR,5/15/2020,107.29,107.44,106.86,107.09
USDJPY:CUR,5/17/2020,107.22,107.24,107.17,107.17
USDJPY:CUR,5/18/2020,107.42,107.51,107.07,107.38
USDJPY:CUR,5/19/2020,107.94,108.09,107.3,107.88
USDJPY:CUR,5/20/2020,107.43,107.99,107.34,107.57
USDJPY:CUR,5/21/2020,107.83,107.85,107.55,107.62
USDJPY:CUR,5/22/2020,107.47,107.76,107.32,107.6
USDJPY:CUR,5/24/2020,107.68,107.78,107.67,107.75
USDJPY:CUR,5/25/2020,107.7,107.78,107.63,107.72
USDJPY:CUR,5/26/2020,107.58,107.92,107.4,107.49
USDJPY:CUR,5/27/2020,107.84,107.95,107.37,107.75
USDJPY:CUR,5/28/2020,107.62,107.9,107.57,107.66
USDJPY:CUR,5/29/2020,107.65,107.9,107.08,107.77
USDJPY:CUR,5/31/2020,107.74,107.82,107.65,107.7
USDJPY:CUR,6/1/2020,107.56,107.86,107.38,107.56
USDJPY:CUR,6/2/2020,108.57,108.84,107.52,108.79
USDJPY:CUR,6/3/2020,108.8,109.04,108.42,109.01
USDJPY:CUR,6/4/2020,109,109.2,108.62,109.16
USDJPY:CUR,6/5/2020,109.74,109.85,109.04,109.59
USDJPY:CUR,6/7/2020,109.59,109.69,109.55,109.64
USDJPY:CUR,6/8/2020,108.57,109.61,108.23,108.39
USDJPY:CUR,6/9/2020,107.72,108.37,107.62,107.78
USDJPY:CUR,6/10/2020,107.26,107.87,106.9,106.95
USDJPY:CUR,6/11/2020,106.66,107.24,106.57,106.81
USDJPY:CUR,6/12/2020,107.33,107.55,106.59,107.38
USDJPY:CUR,6/14/2020,107.3,107.57,107.27,107.37
USDJPY:CUR,6/15/2020,107.4,107.5,107,107.49
USDJPY:CUR,6/16/2020,107.34,107.64,107.21,107.39
USDJPY:CUR,6/17/2020,107.23,107.44,106.88,106.89
USDJPY:CUR,6/18/2020,106.77,107.13,106.67,107.03
USDJPY:CUR,6/19/2020,106.99,107.05,106.77,106.88
USDJPY:CUR,6/21/2020,106.87,106.89,106.77,106.86
USDJPY:CUR,6/22/2020,106.89,107.01,106.77,106.92
USDJPY:CUR,6/23/2020,106.24,107.22,106.07,106.47
USDJPY:CUR,6/24/2020,106.9,107.15,106.38,107.03
USDJPY:CUR,6/25/2020,107.19,107.45,107.02,107.17
USDJPY:CUR,6/26/2020,107.33,107.36,106.8,107.21
USDJPY:CUR,6/28/2020,107.11,107.21,107.11,107.19
USDJPY:CUR,6/29/2020,107.71,107.88,107.04,107.61
USDJPY:CUR,6/30/2020,107.87,107.99,107.52,107.98
USDJPY:CUR,7/1/2020,107.52,108.16,107.36,107.42
USDJPY:CUR,7/2/2020,107.62,107.73,107.33,107.51
USDJPY:CUR,7/3/2020,107.53,107.57,107.44,107.5
USDJPY:CUR,7/5/2020,107.47,107.58,107.46,107.56
USDJPY:CUR,7/6/2020,107.46,107.77,107.26,107.35
USDJPY:CUR,7/7/2020,107.55,107.79,107.25,107.57
USDJPY:CUR,7/8/2020,107.51,107.71,107.2,107.3
USDJPY:CUR,7/9/2020,107.27,107.4,107.1,107.22
USDJPY:CUR,7/10/2020,106.75,107.27,106.64,106.91
USDJPY:CUR,7/12/2020,106.9,106.93,106.85,106.89
USDJPY:CUR,7/13/2020,107.26,107.32,106.79,107.28
USDJPY:CUR,7/14/2020,107.24,107.43,107.12,107.23
USDJPY:CUR,7/15/2020,106.83,107.31,106.67,106.91
USDJPY:CUR,7/16/2020,107.11,107.4,106.83,107.28
USDJPY:CUR,7/17/2020,107.15,107.36,106.94,107.04
USDJPY:CUR,7/19/2020,107.04,107.09,107.01,107.06
USDJPY:CUR,7/20/2020,107.18,107.53,107.04,107.23
USDJPY:CUR,7/21/2020,106.9,107.37,106.69,106.83
USDJPY:CUR,7/22/2020,107.15,107.29,106.71,107.17
USDJPY:CUR,7/23/2020,106.98,107.23,106.71,106.83
USDJPY:CUR,7/24/2020,105.84,106.84,105.68,106.12
USDJPY:CUR,7/26/2020,106.07,106.09,105.87,106.04
USDJPY:CUR,7/27/2020,105.14,106.05,105.12,105.32
USDJPY:CUR,7/28/2020,104.96,105.69,104.96,105.08
USDJPY:CUR,7/29/2020,105.1,105.24,104.77,105.03
USDJPY:CUR,7/30/2020,105.02,105.29,104.66,104.7
USDJPY:CUR,7/31/2020,105.72,106.06,104.19,105.84
USDJPY:CUR,8/2/2020,105.83,105.86,105.71,105.85
USDJPY:CUR,8/3/2020,106.09,106.47,105.58,106.05
USDJPY:CUR,8/4/2020,105.92,106.2,105.64,105.71
USDJPY:CUR,8/5/2020,105.57,105.87,105.32,105.59
USDJPY:CUR,8/6/2020,105.51,105.7,105.3,105.54
USDJPY:CUR,8/7/2020,105.87,106.06,105.48,105.92
USDJPY:CUR,8/9/2020,105.86,105.94,105.85,105.87
USDJPY:CUR,8/10/2020,105.77,106.2,105.71,106
USDJPY:CUR,8/11/2020,106.44,106.68,105.93,106.5
USDJPY:CUR,8/12/2020,106.89,107.02,106.46,106.84
USDJPY:CUR,8/13/2020,106.88,107.05,106.57,106.98
USDJPY:CUR,8/14/2020,106.45,107.04,106.44,106.58
USDJPY:CUR,8/16/2020,106.55,106.68,106.55,106.55
USDJPY:CUR,8/17/2020,106.06,106.65,105.94,106.03
USDJPY:CUR,8/18/2020,105.45,105.99,105.28,105.32
USDJPY:CUR,8/19/2020,105.63,106.15,105.1,106.04
USDJPY:CUR,8/20/2020,105.95,106.22,105.72,105.72
USDJPY:CUR,8/21/2020,105.95,106.07,105.44,105.82
USDJPY:CUR,8/23/2020,105.78,105.92,105.75,105.85
USDJPY:CUR,8/24/2020,105.85,106,105.69,105.98
USDJPY:CUR,8/25/2020,106.53,106.58,105.92,106.36
USDJPY:CUR,8/26/2020,106.14,106.56,105.84,105.89
USDJPY:CUR,8/27/2020,106.44,106.7,105.6,106.64
USDJPY:CUR,8/28/2020,105.31,106.85,105.2,105.36
USDJPY:CUR,8/30/2020,105.35,105.8,105.35,105.53
USDJPY:CUR,8/31/2020,106.05,106.1,105.29,105.93
USDJPY:CUR,9/1/2020,106,106.15,105.59,105.88
USDJPY:CUR,9/2/2020,106.15,106.3,105.87,106.22
USDJPY:CUR,9/3/2020,106.24,106.55,106,106.1
USDJPY:CUR,9/4/2020,106.31,106.51,106.09,106.24
USDJPY:CUR,9/6/2020,106.22,106.3,106.22,106.29
USDJPY:CUR,9/7/2020,106.27,106.39,106.13,106.29
USDJPY:CUR,9/8/2020,105.94,106.38,105.83,105.99
USDJPY:CUR,9/9/2020,106.02,106.27,105.76,106.17
USDJPY:CUR,9/10/2020,106.19,106.29,105.97,106.13
USDJPY:CUR,9/11/2020,106.11,106.26,106.04,106.14
USDJPY:CUR,9/13/2020,106.07,106.15,106.07,106.14
USDJPY:CUR,9/14/2020,106.15,106.19,105.53,105.72
USDJPY:CUR,9/15/2020,105.71,105.81,105.28,105.43
USDJPY:CUR,9/16/2020,104.83,105.4,104.8,105.02
USDJPY:CUR,9/17/2020,104.71,105.17,104.52,104.73
USDJPY:CUR,9/18/2020,104.31,104.87,104.27,104.56
USDJPY:CUR,9/20/2020,104.57,104.57,104.43,104.5
USDJPY:CUR,9/21/2020,104.54,104.9,104,104.69
USDJPY:CUR,9/22/2020,104.98,105.08,104.41,105.02
USDJPY:CUR,9/23/2020,105.29,105.49,104.93,105.36
USDJPY:CUR,9/24/2020,105.48,105.53,105.21,105.44
USDJPY:CUR,9/25/2020,105.65,105.7,105.24,105.57
USDJPY:CUR,9/27/2020,105.58,105.69,105.54,105.57
USDJPY:CUR,9/28/2020,105.62,105.67,105.26,105.47
USDJPY:CUR,9/29/2020,105.68,105.73,105.34,105.68
USDJPY:CUR,9/30/2020,105.52,105.81,105.4,105.43
USDJPY:CUR,10/1/2020,105.64,105.73,105.42,105.56
USDJPY:CUR,10/2/2020,105.36,105.67,104.94,105.34
USDJPY:CUR,10/4/2020,105.29,105.59,105.29,105.5
USDJPY:CUR,10/5/2020,105.64,105.8,105.49,105.73
USDJPY:CUR,10/6/2020,105.62,105.75,105.47,105.64
USDJPY:CUR,10/7/2020,106.03,106.11,105.63,105.97
USDJPY:CUR,10/8/2020,106.02,106.11,105.93,106.02
USDJPY:CUR,10/9/2020,105.65,106.02,105.58,105.6
USDJPY:CUR,10/11/2020,105.65,105.81,105.6,105.65
USDJPY:CUR,10/12/2020,105.28,105.66,105.24,105.33
USDJPY:CUR,10/13/2020,105.53,105.63,105.28,105.46
USDJPY:CUR,10/14/2020,105.1,105.52,105.04,105.16
USDJPY:CUR,10/15/2020,105.28,105.49,105.12,105.38
USDJPY:CUR,10/16/2020,105.4,105.44,105.19,105.4
USDJPY:CUR,10/18/2020,105.36,105.47,105.34,105.44
USDJPY:CUR,10/19/2020,105.47,105.49,105.3,105.46
USDJPY:CUR,10/20/2020,105.57,105.75,105.43,105.48
USDJPY:CUR,10/21/2020,104.42,105.47,104.34,104.65
USDJPY:CUR,10/22/2020,104.79,104.92,104.48,104.91
USDJPY:CUR,10/23/2020,104.83,104.9,104.55,104.7
USDJPY:CUR,10/25/2020,104.66,104.76,104.66,104.72
USDJPY:CUR,10/26/2020,104.99,105.06,104.66,104.84
USDJPY:CUR,10/27/2020,104.52,104.84,104.39,104.53
USDJPY:CUR,10/28/2020,104.29,104.55,104.12,104.3
USDJPY:CUR,10/29/2020,104.45,104.73,104.02,104.56
USDJPY:CUR,10/30/2020,104.64,104.74,104.13,104.67
USDJPY:CUR,11/1/2020,104.66,104.69,104.57,104.59
USDJPY:CUR,11/2/2020,104.79,104.95,104.45,104.74
USDJPY:CUR,11/3/2020,104.67,104.82,104.43,104.61
USDJPY:CUR,11/4/2020,104.39,105.35,104.15,104.45
USDJPY:CUR,11/5/2020,103.67,104.47,103.44,103.66
USDJPY:CUR,11/6/2020,103.57,103.76,103.18,103.36
USDJPY:CUR,11/8/2020,103.33,103.34,103.19,103.29
USDJPY:CUR,11/9/2020,105.33,105.65,103.24,105.18
USDJPY:CUR,11/10/2020,105.41,105.49,104.82,105.28
USDJPY:CUR,11/11/2020,105.52,105.68,105.01,105.42
USDJPY:CUR,11/12/2020,105.28,105.39,105.07,105.11
USDJPY:CUR,11/13/2020,104.77,105.15,104.56,104.61
USDJPY:CUR,11/15/2020,104.62,104.7,104.57,104.69
USDJPY:CUR,11/16/2020,104.59,105.14,104.36,104.55
USDJPY:CUR,11/17/2020,104.08,104.57,104.07,104.17
USDJPY:CUR,11/18/2020,103.87,104.15,103.65,103.86
USDJPY:CUR,11/19/2020,103.99,104.22,103.72,103.8
USDJPY:CUR,11/20/2020,103.78,103.91,103.7,103.84
USDJPY:CUR,11/22/2020,103.8,103.86,103.8,103.82
USDJPY:CUR,11/23/2020,104.05,104.64,103.68,104.49
USDJPY:CUR,11/24/2020,104.69,104.76,104.15,104.5
USDJPY:CUR,11/25/2020,104.32,104.6,104.26,104.41
USDJPY:CUR,11/26/2020,104.3,104.4,104.22,104.25
USDJPY:CUR,11/27/2020,104.08,104.27,103.91,104.08
USDJPY:CUR,11/29/2020,104.02,104.16,104.02,104.11
USDJPY:CUR,11/30/2020,104.25,104.41,103.83,104.3
USDJPY:CUR,12/1/2020,104.48,104.57,104.18,104.27
USDJPY:CUR,12/2/2020,104.5,104.75,104.23,104.47
USDJPY:CUR,12/3/2020,103.81,104.54,103.67,103.85
USDJPY:CUR,12/4/2020,104.03,104.24,103.81,104.19
USDJPY:CUR,12/6/2020,104.14,104.24,104.08,104.21
USDJPY:CUR,12/7/2020,104.11,104.31,103.92,104
USDJPY:CUR,12/8/2020,104.16,104.21,103.96,104.15
USDJPY:CUR,12/9/2020,104.24,104.41,104.05,104.29
USDJPY:CUR,12/10/2020,104.26,104.58,104.17,104.23
USDJPY:CUR,12/11/2020,103.99,104.17,103.82,104.02
USDJPY:CUR,12/13/2020,103.89,104.02,103.86,103.92
USDJPY:CUR,12/14/2020,103.71,104.1,103.51,104.01
USDJPY:CUR,12/15/2020,103.79,104.15,103.61,103.64
USDJPY:CUR,12/16/2020,103.52,103.91,103.26,103.48
USDJPY:CUR,12/17/2020,102.9,103.56,102.87,103.13
USDJPY:CUR,12/18/2020,103.35,103.59,103.12,103.29
USDJPY:CUR,12/20/2020,103.34,103.42,103.34,103.42
USDJPY:CUR,12/21/2020,103.58,103.89,103.25,103.31
USDJPY:CUR,12/22/2020,103.6,103.73,103.28,103.58
USDJPY:CUR,12/23/2020,103.46,103.65,103.36,103.57
USDJPY:CUR,12/24/2020,103.7,103.77,103.51,103.66
USDJPY:CUR,12/27/2020,103.57,103.6,103.52,103.54
USDJPY:CUR,12/28/2020,103.67,103.9,103.4,103.7
USDJPY:CUR,12/29/2020,103.57,103.81,103.46,103.53
USDJPY:CUR,12/30/2020,103.02,103.58,102.96,103.14
USDJPY:CUR,12/31/2020,103.05,103.32,103,103.25
USDJPY:CUR,1/3/2021,103.19,103.32,103.19,103.29
USDJPY:CUR,1/4/2021,103.05,103.26,102.71,103.15
USDJPY:CUR,1/5/2021,102.84,103.19,102.61,102.66
USDJPY:CUR,1/6/2021,103.21,103.44,102.59,103.04
USDJPY:CUR,1/7/2021,103.82,103.96,102.95,103.81
USDJPY:CUR,1/8/2021,103.89,104.09,103.6,103.95
USDJPY:CUR,1/10/2021,103.91,104.08,103.87,104.08
USDJPY:CUR,1/11/2021,104.37,104.4,104.03,104.15
USDJPY:CUR,1/12/2021,104.28,104.33,103.72,103.77
USDJPY:CUR,1/13/2021,103.87,104,103.52,103.82
USDJPY:CUR,1/14/2021,104.09,104.2,103.56,103.84
USDJPY:CUR,1/15/2021,103.87,103.91,103.62,103.88
USDJPY:CUR,1/17/2021,103.82,103.89,103.81,103.88
USDJPY:CUR,1/18/2021,103.73,103.93,103.64,103.69
USDJPY:CUR,1/19/2021,104,104.09,103.65,103.88
USDJPY:CUR,1/20/2021,103.78,103.93,103.45,103.54
USDJPY:CUR,1/21/2021,103.58,103.67,103.33,103.52
USDJPY:CUR,1/22/2021,103.78,103.89,103.49,103.75
USDJPY:CUR,1/24/2021,103.82,103.83,103.78,103.78
USDJPY:CUR,1/25/2021,103.78,103.93,103.67,103.76
USDJPY:CUR,1/26/2021,103.59,103.83,103.56,103.62
USDJPY:CUR,1/27/2021,104.09,104.2,103.59,104.16
USDJPY:CUR,1/28/2021,104.35,104.46,104.15,104.27
USDJPY:CUR,1/29/2021,104.77,104.94,104.29,104.71
USDJPY:CUR,1/31/2021,104.82,104.82,104.68,104.7
USDJPY:CUR,2/1/2021,104.77,105.03,104.61,104.9
USDJPY:CUR,2/2/2021,104.97,105.17,104.83,105.03
USDJPY:CUR,2/3/2021,105.16,105.16,104.93,105
USDJPY:CUR,2/4/2021,105.02,105.6,104.98,105.56
USDJPY:CUR,2/5/2021,105.39,105.76,105.34,105.37
USDJPY:CUR,2/7/2021,105.39,105.43,105.37,105.39
USDJPY:CUR,2/8/2021,105.36,105.67,105.16,105.23
USDJPY:CUR,2/9/2021,105.37,105.37,104.51,104.56
USDJPY:CUR,2/10/2021,104.6,104.84,104.42,104.64
USDJPY:CUR,2/11/2021,104.67,104.8,104.55,104.75
USDJPY:CUR,2/12/2021,104.7,105.16,104.7,104.92
USDJPY:CUR,2/14/2021,104.7,105.08,104.7,105.05
USDJPY:CUR,2/15/2021,104.92,105.41,104.92,105.39
USDJPY:CUR,2/16/2021,105.38,106.22,105.2,106.08
USDJPY:CUR,2/17/2021,105.81,106.21,105.78,105.88
USDJPY:CUR,2/18/2021,105.92,105.92,105.61,105.67
USDJPY:CUR,2/19/2021,105.83,105.83,105.25,105.42
USDJPY:CUR,2/22/2021,105.83,105.84,104.94,104.97
USDJPY:CUR,2/23/2021,105.13,105.41,104.93,105.27
USDJPY:CUR,2/24/2021,105.25,106.1,105.25,105.92
USDJPY:CUR,2/25/2021,106.03,106.41,105.86,106.37
USDJPY:CUR,2/26/2021,106.1,106.69,105.85,106.55
USDJPY:CUR,2/28/2021,106.1,106.58,106.1,106.5
USDJPY:CUR,3/1/2021,106.55,106.89,106.38,106.82
USDJPY:CUR,3/2/2021,106.68,106.95,106.68,106.75
USDJPY:CUR,3/3/2021,106.74,107.14,106.71,107.06
USDJPY:CUR,3/4/2021,107.04,108,106.97,107.95
USDJPY:CUR,3/5/2021,107.44,108.62,107.44,108.39
USDJPY:CUR,3/7/2021,107.44,108.47,107.44,108.42
USDJPY:CUR,3/8/2021,108.35,108.95,108.31,108.94
USDJPY:CUR,3/9/2021,108.82,109.23,108.42,108.63
USDJPY:CUR,3/10/2021,108.66,108.92,108.34,108.44
USDJPY:CUR,3/11/2021,108.53,108.7,108.36,108.54
USDJPY:CUR,3/12/2021,108.63,109.14,108.52,109.03
USDJPY:CUR,3/14/2021,108.63,109.14,108.63,109.12
USDJPY:CUR,3/15/2021,108.98,109.25,108.92,109.13
USDJPY:CUR,3/16/2021,109.15,109.28,108.78,109.05
USDJPY:CUR,3/17/2021,108.89,109.32,108.71,108.88
USDJPY:CUR,3/18/2021,109.22,109.29,108.72,108.95
USDJPY:CUR,3/19/2021,109.06,109.09,108.61,108.89
USDJPY:CUR,3/21/2021,109.06,109.06,108.6,108.92
USDJPY:CUR,3/22/2021,108.63,108.95,108.63,108.8
USDJPY:CUR,3/23/2021,108.76,108.87,108.41,108.51
USDJPY:CUR,3/24/2021,108.65,108.94,108.46,108.77
USDJPY:CUR,3/25/2021,108.91,109.24,108.77,109.21
USDJPY:CUR,3/26/2021,109.1,109.84,109.1,109.67
USDJPY:CUR,3/28/2021,109.69,109.78,109.66,109.77
USDJPY:CUR,3/29/2021,109.69,109.87,109.4,109.84
USDJPY:CUR,3/30/2021,109.77,110.41,109.77,110.33
USDJPY:CUR,3/31/2021,110.32,110.95,110.28,110.79
USDJPY:CUR,4/1/2021,110.52,110.84,110.52,110.62
USDJPY:CUR,4/2/2021,110.52,110.74,110.38,110.65
USDJPY:CUR,4/4/2021,110.67,110.73,110.67,110.69
USDJPY:CUR,4/5/2021,110.72,110.72,109.98,110.18
USDJPY:CUR,4/6/2021,110.13,110.55,109.68,109.76
USDJPY:CUR,4/7/2021,109.75,109.94,109.59,109.85
USDJPY:CUR,4/8/2021,109.62,109.89,109.02,109.33
USDJPY:CUR,4/9/2021,109.24,109.95,109.22,109.66
USDJPY:CUR,4/11/2021,109.24,109.75,109.24,109.71
USDJPY:CUR,4/12/2021,109.59,109.76,109.25,109.37
USDJPY:CUR,4/13/2021,109.4,109.75,109,109.01
USDJPY:CUR,4/14/2021,109.2,109.2,108.75,108.91
USDJPY:CUR,4/15/2021,109.02,109.02,108.63,108.68
USDJPY:CUR,4/16/2021,108.72,108.96,108.62,108.79
USDJPY:CUR,4/18/2021,108.72,108.82,108.68,108.7
USDJPY:CUR,4/19/2021,108.75,108.76,108.01,108.11
USDJPY:CUR,4/20/2021,108.03,108.53,107.99,108.1
USDJPY:CUR,4/21/2021,108.13,108.27,107.88,108.03
USDJPY:CUR,4/22/2021,108.16,108.22,107.83,107.97
USDJPY:CUR,4/23/2021,108,108.12,107.5,107.87
USDJPY:CUR,4/25/2021,108.09,108.09,107.87,107.87
USDJPY:CUR,4/26/2021,107.84,108.21,107.65,108.17
USDJPY:CUR,4/27/2021,108.08,108.77,108.08,108.76
USDJPY:CUR,4/28/2021,108.46,109.07,108.46,108.53
USDJPY:CUR,4/29/2021,108.89,109.22,108.44,108.86
USDJPY:CUR,4/30/2021,108.96,109.34,108.71,109.32
USDJPY:CUR,5/2/2021,108.96,109.35,108.96,109.29
USDJPY:CUR,5/3/2021,109.3,109.7,108.9,109.1
USDJPY:CUR,5/4/2021,108.93,109.48,108.93,109.32
USDJPY:CUR,5/5/2021,109.2,109.48,109.14,109.24
USDJPY:CUR,5/6/2021,109.21,109.43,109,109.06
USDJPY:CUR,5/7/2021,109.08,109.28,108.4,108.58
USDJPY:CUR,5/9/2021,109.08,109.08,108.47,108.5
USDJPY:CUR,5/10/2021,108.62,109.05,108.49,108.83
USDJPY:CUR,5/11/2021,108.73,108.97,108.37,108.67
USDJPY:CUR,5/12/2021,108.5,109.7,108.5,109.66
USDJPY:CUR,5/13/2021,109.37,109.78,109.37,109.49
USDJPY:CUR,5/14/2021,109.58,109.64,109.21,109.34
USDJPY:CUR,5/16/2021,109.58,109.58,109.2,109.39
USDJPY:CUR,5/17/2021,109.2,109.49,109.07,109.17
USDJPY:CUR,5/18/2021,109.19,109.27,108.84,108.85
USDJPY:CUR,5/19/2021,108.89,109.33,108.59,109.27
USDJPY:CUR,5/20/2021,108.6,109.3,108.6,108.84
USDJPY:CUR,5/21/2021,108.86,109,108.62,108.95
USDJPY:CUR,5/23/2021,108.96,108.99,108.87,108.91
USDJPY:CUR,5/24/2021,108.9,108.99,108.7,108.83
USDJPY:CUR,5/25/2021,108.74,109.05,108.58,108.8
USDJPY:CUR,5/26/2021,108.92,109.17,108.73,109.16
USDJPY:CUR,5/27/2021,109.04,109.92,109.04,109.85
USDJPY:CUR,5/28/2021,109.72,110.2,109.72,109.83
USDJPY:CUR,5/30/2021,109.72,109.88,109.72,109.88
USDJPY:CUR,5/31/2021,109.77,109.93,109.38,109.49
USDJPY:CUR,6/1/2021,109.4,109.7,109.34,109.5
USDJPY:CUR,6/2/2021,109.39,109.88,109.39,109.61
USDJPY:CUR,6/3/2021,109.62,110.33,109.59,110.26
USDJPY:CUR,6/4/2021,110.17,110.32,109.37,109.52
USDJPY:CUR,6/6/2021,110.17,110.17,109.46,109.62
USDJPY:CUR,6/7/2021,109.45,109.63,109.19,109.28
USDJPY:CUR,6/8/2021,109.28,109.55,109.21,109.47
USDJPY:CUR,6/9/2021,109.43,109.65,109.24,109.63
USDJPY:CUR,6/10/2021,109.6,109.79,109.31,109.38
USDJPY:CUR,6/11/2021,109.61,109.84,109.33,109.67
USDJPY:CUR,6/13/2021,109.61,109.73,109.61,109.72
USDJPY:CUR,6/14/2021,109.62,110.1,109.61,110.05
USDJPY:CUR,6/15/2021,109.98,110.17,109.98,110.09
USDJPY:CUR,6/16/2021,110.08,110.77,109.81,110.77
USDJPY:CUR,6/17/2021,110.08,110.82,110.08,110.31
USDJPY:CUR,6/18/2021,110.23,110.48,110.07,110.22
USDJPY:CUR,6/20/2021,110.22,110.25,110.16,110.22
USDJPY:CUR,6/21/2021,110.25,110.37,109.75,110.36
USDJPY:CUR,6/22/2021,110.19,110.79,110.19,110.65
USDJPY:CUR,6/23/2021,110.73,111.09,110.64,111.02
USDJPY:CUR,6/24/2021,110.8,111.1,110.69,110.89
USDJPY:CUR,6/25/2021,110.85,110.98,110.48,110.79
USDJPY:CUR,6/27/2021,110.85,110.86,110.77,110.81
USDJPY:CUR,6/28/2021,110.8,110.97,110.5,110.59
USDJPY:CUR,6/29/2021,110.63,110.75,110.45,110.55
USDJPY:CUR,6/30/2021,110.49,111.14,110.42,111.13
USDJPY:CUR,7/1/2021,110.98,111.64,110.98,111.57
USDJPY:CUR,7/2/2021,111.54,111.65,110.95,111.02
USDJPY:CUR,7/4/2021,111.54,111.54,110.97,111.13
USDJPY:CUR,7/5/2021,111.05,111.18,110.8,110.94
USDJPY:CUR,7/6/2021,110.94,110.94,110.53,110.6
USDJPY:CUR,7/7/2021,110.57,110.81,110.4,110.62
USDJPY:CUR,7/8/2021,110.66,110.66,109.54,109.83
USDJPY:CUR,7/9/2021,109.57,110.25,109.57,110.12
USDJPY:CUR,7/11/2021,109.57,110.24,109.57,110.2
USDJPY:CUR,7/12/2021,110.09,110.4,110.01,110.34
USDJPY:CUR,7/13/2021,110.28,110.64,110.2,110.61
USDJPY:CUR,7/14/2021,110.32,110.7,109.94,110.01
USDJPY:CUR,7/15/2021,110.09,110.09,109.73,109.79
USDJPY:CUR,7/16/2021,110.03,110.33,109.73,110.08
USDJPY:CUR,7/18/2021,110.03,110.1,109.87,109.89
USDJPY:CUR,7/19/2021,110.05,110.05,109.08,109.54
USDJPY:CUR,7/20/2021,109.36,109.95,109.33,109.92
USDJPY:CUR,7/21/2021,109.92,110.38,109.81,110.27
USDJPY:CUR,7/22/2021,110.32,110.35,110.02,110.1
USDJPY:CUR,7/23/2021,110.14,110.58,110.07,110.54
USDJPY:CUR,7/26/2021,110.55,110.58,110.1,110.34
USDJPY:CUR,7/27/2021,110.34,110.39,109.57,109.76
USDJPY:CUR,7/28/2021,109.74,110.28,109.73,109.9
USDJPY:CUR,7/29/2021,109.89,109.95,109.41,109.46
USDJPY:CUR,7/30/2021,109.47,109.82,109.35,109.7
USDJPY:CUR,8/1/2021,109.6,109.77,109.6,109.72
USDJPY:CUR,8/2/2021,109.68,109.77,109.17,109.28
USDJPY:CUR,8/3/2021,109.3,109.34,108.86,109.04
USDJPY:CUR,8/4/2021,109.05,109.67,108.71,109.47
USDJPY:CUR,8/5/2021,109.47,109.78,109.39,109.74
USDJPY:CUR,8/6/2021,109.75,110.34,109.68,110.25
USDJPY:CUR,8/8/2021,109.7,110.29,109.7,110.26
USDJPY:CUR,8/9/2021,110.25,110.35,110.01,110.28
USDJPY:CUR,8/10/2021,110.28,110.59,110.26,110.56
USDJPY:CUR,8/11/2021,110.56,110.79,110.3,110.4
USDJPY:CUR,8/12/2021,110.4,110.54,110.3,110.38
USDJPY:CUR,8/13/2021,110.38,110.45,109.53,109.57
USDJPY:CUR,8/15/2021,110.35,110.35,109.56,109.64
USDJPY:CUR,8/16/2021,109.69,109.75,109.1,109.23
USDJPY:CUR,8/17/2021,109.21,109.65,109.11,109.57
USDJPY:CUR,8/18/2021,109.56,110.06,109.46,109.74
USDJPY:CUR,8/19/2021,109.74,110.22,109.47,109.72
USDJPY:CUR,8/20/2021,109.73,109.88,109.55,109.8
USDJPY:CUR,8/22/2021,109.8,109.88,109.74,109.83
USDJPY:CUR,8/23/2021,109.8,110.14,109.64,109.68
USDJPY:CUR,8/24/2021,109.68,109.88,109.4,109.62
USDJPY:CUR,8/25/2021,109.62,110.12,109.6,109.99
USDJPY:CUR,8/26/2021,109.98,110.22,109.9,110.07
USDJPY:CUR,8/27/2021,110.08,110.26,109.77,109.82
USDJPY:CUR,8/29/2021,109.98,109.98,109.79,109.87
USDJPY:CUR,8/30/2021,109.84,109.96,109.69,109.92
USDJPY:CUR,8/31/2021,109.92,110.07,109.57,110.02
USDJPY:CUR,9/1/2021,110.01,110.41,109.86,109.99
USDJPY:CUR,9/2/2021,109.99,110.11,109.9,109.92
USDJPY:CUR,9/3/2021,109.95,110.07,109.58,109.73
USDJPY:CUR,9/5/2021,109.97,109.97,109.7,109.74
USDJPY:CUR,9/6/2021,109.74,109.94,109.69,109.83
USDJPY:CUR,9/7/2021,109.84,110.31,109.67,110.27
USDJPY:CUR,9/8/2021,110.27,110.44,110.12,110.23
USDJPY:CUR,9/9/2021,110.22,110.28,109.61,109.7
USDJPY:CUR,9/10/2021,109.7,109.98,109.68,109.93
USDJPY:CUR,9/12/2021,109.82,109.92,109.82,109.89
USDJPY:CUR,9/13/2021,109.87,110.15,109.83,109.98
USDJPY:CUR,9/14/2021,109.98,110.15,109.51,109.67
USDJPY:CUR,9/15/2021,109.66,109.74,109.09,109.36
USDJPY:CUR,9/16/2021,109.36,109.82,109.19,109.7
USDJPY:CUR,9/17/2021,109.76,110.07,109.65,109.96
USDJPY:CUR,9/19/2021,109.66,110,109.66,109.97
USDJPY:CUR,9/20/2021,109.97,110.03,109.31,109.39
USDJPY:CUR,9/21/2021,109.39,109.7,109.17,109.21
USDJPY:CUR,9/22/2021,109.21,109.89,109.11,109.78
USDJPY:CUR,9/23/2021,109.77,110.34,109.74,110.3
USDJPY:CUR,9/24/2021,110.31,110.79,110.24,110.72
USDJPY:CUR,9/26/2021,110.13,110.8,110.13,110.76
USDJPY:CUR,9/27/2021,110.68,111.06,110.52,111
USDJPY:CUR,9/28/2021,110.99,111.63,110.91,111.5
USDJPY:CUR,9/29/2021,111.48,112.04,111.19,111.96
USDJPY:CUR,9/30/2021,111.96,112.07,111.22,111.27
USDJPY:CUR,10/1/2021,111.27,111.48,110.89,111.05
USDJPY:CUR,10/3/2021,111.58,111.58,110.91,110.95
USDJPY:CUR,10/4/2021,111.03,111.3,110.81,110.87
USDJPY:CUR,10/5/2021,110.87,111.55,110.85,111.45
USDJPY:CUR,10/6/2021,111.47,111.78,111.19,111.41
USDJPY:CUR,10/7/2021,111.4,111.65,111.22,111.59
USDJPY:CUR,10/8/2021,111.61,112.25,111.5,112.22
USDJPY:CUR,10/10/2021,111.52,112.33,111.52,112.27
USDJPY:CUR,10/11/2021,112.17,113.41,112.13,113.3
USDJPY:CUR,10/12/2021,113.29,113.78,112.99,113.6
USDJPY:CUR,10/13/2021,113.6,113.8,113.21,113.23
USDJPY:CUR,10/14/2021,113.26,113.71,113.2,113.66
USDJPY:CUR,10/15/2021,113.67,114.46,113.63,114.2
USDJPY:CUR,10/17/2021,113.34,114.33,113.34,114.31
USDJPY:CUR,10/18/2021,114.21,114.44,114,114.31
USDJPY:CUR,10/19/2021,114.31,114.39,113.87,114.36
USDJPY:CUR,10/20/2021,114.35,114.69,114.06,114.26
USDJPY:CUR,10/21/2021,114.26,114.41,113.63,113.97
USDJPY:CUR,10/22/2021,113.96,114.2,113.39,113.46
USDJPY:CUR,10/24/2021,113.59,113.63,113.47,113.63
USDJPY:CUR,10/25/2021,113.59,113.91,113.45,113.7
USDJPY:CUR,10/26/2021,113.69,114.3,113.67,114.14
USDJPY:CUR,10/27/2021,114.13,114.21,113.37,113.81
USDJPY:CUR,10/28/2021,113.81,113.86,113.24,113.56
USDJPY:CUR,10/29/2021,113.57,114.09,113.37,114
USDJPY:CUR,10/31/2021,113.4,114.19,113.4,114.18
USDJPY:CUR,11/1/2021,113.97,114.44,113.92,113.98
USDJPY:CUR,11/2/2021,113.98,114.13,113.45,113.95
USDJPY:CUR,11/3/2021,113.94,114.21,113.7,113.98
USDJPY:CUR,11/4/2021,113.99,114.27,113.49,113.75
USDJPY:CUR,11/5/2021,113.73,114.02,113.28,113.4
USDJPY:CUR,11/7/2021,113.6,113.6,113.39,113.51
USDJPY:CUR,11/8/2021,113.43,113.66,113.06,113.22
USDJPY:CUR,11/9/2021,113.21,113.28,112.7,112.85
USDJPY:CUR,11/10/2021,112.85,114.01,112.76,113.9
USDJPY:CUR,11/11/2021,113.91,114.15,113.79,114.05
USDJPY:CUR,11/12/2021,114.05,114.3,113.74,113.85
USDJPY:CUR,11/14/2021,114,114.04,113.94,114.01
USDJPY:CUR,11/15/2021,113.9,114.21,113.74,114.12
USDJPY:CUR,11/16/2021,114.12,114.84,114.09,114.82
USDJPY:CUR,11/17/2021,114.82,114.97,113.92,114.07
USDJPY:CUR,11/18/2021,114.05,114.47,113.86,114.24
USDJPY:CUR,11/19/2021,114.23,114.53,113.57,113.98
USDJPY:CUR,11/21/2021,114.41,114.41,114.03,114.09
USDJPY:CUR,11/22/2021,113.96,114.95,113.89,114.86
USDJPY:CUR,11/23/2021,114.9,115.18,114.48,115.12
USDJPY:CUR,11/24/2021,115.09,115.51,114.81,115.41
USDJPY:CUR,11/25/2021,115.4,115.45,115.22,115.35
USDJPY:CUR,11/26/2021,115.35,115.37,113.03,113.31
USDJPY:CUR,11/28/2021,115.32,115.32,113.45,113.79
USDJPY:CUR,11/29/2021,113.35,113.95,112.97,113.52
USDJPY:CUR,11/30/2021,113.52,113.89,112.52,113.13
USDJPY:CUR,12/1/2021,113.16,113.62,112.65,112.75
USDJPY:CUR,12/2/2021,112.75,113.33,112.69,113.15
USDJPY:CUR,12/3/2021,113.15,113.61,112.54,112.8
USDJPY:CUR,12/5/2021,113.41,113.41,112.89,113
USDJPY:CUR,12/6/2021,112.77,113.55,112.76,113.46
USDJPY:CUR,12/7/2021,113.44,113.77,113.38,113.57
USDJPY:CUR,12/8/2021,113.57,113.95,113.29,113.66
USDJPY:CUR,12/9/2021,113.66,113.81,113.26,113.44
USDJPY:CUR,12/10/2021,113.5,113.79,113.21,113.38
USDJPY:CUR,12/12/2021,113.39,113.49,113.34,113.48
USDJPY:CUR,12/13/2021,113.25,113.72,113.25,113.56
USDJPY:CUR,12/14/2021,113.56,113.75,113.41,113.71
USDJPY:CUR,12/15/2021,113.71,114.26,113.6,114.02
USDJPY:CUR,12/16/2021,114.01,114.24,113.54,113.7
USDJPY:CUR,12/17/2021,113.65,113.85,113.12,113.67
USDJPY:CUR,12/19/2021,113.36,113.72,113.36,113.6
USDJPY:CUR,12/20/2021,113.62,113.72,113.31,113.58
USDJPY:CUR,12/21/2021,113.58,114.21,113.54,114.08
USDJPY:CUR,12/22/2021,114.1,114.36,113.93,114.11
USDJPY:CUR,12/23/2021,114.08,114.46,114.05,114.37
USDJPY:CUR,12/24/2021,114.36,114.51,114.27,114.41
USDJPY:CUR,12/26/2021,114.37,114.39,114.32,114.33
USDJPY:CUR,12/27/2021,114.38,114.91,114.28,114.83
USDJPY:CUR,12/28/2021,114.85,114.94,114.69,114.81
USDJPY:CUR,12/29/2021,114.8,115.03,114.66,114.94
USDJPY:CUR,12/30/2021,114.95,115.2,114.92,115.06
USDJPY:CUR,12/31/2021,115.06,115.19,114.99,115.08
USDJPY:CUR,1/2/2022,115.08,115.15,115.08,115.12
USDJPY:CUR,1/3/2022,115.09,115.36,114.94,115.32
USDJPY:CUR,1/4/2022,115.32,116.34,115.27,116.14
USDJPY:CUR,1/5/2022,116.14,116.24,115.6,116.1
USDJPY:CUR,1/6/2022,116.1,116.18,115.61,115.82
USDJPY:CUR,1/7/2022,115.82,116.04,115.5,115.55
USDJPY:CUR,1/9/2022,115.72,115.72,115.57,115.62
USDJPY:CUR,1/10/2022,115.63,115.84,115.03,115.2
USDJPY:CUR,1/11/2022,115.19,115.67,115.11,115.28
USDJPY:CUR,1/12/2022,115.29,115.46,114.36,114.63
USDJPY:CUR,1/13/2022,114.63,114.7,113.98,114.17
USDJPY:CUR,1/14/2022,114.17,114.26,113.47,114.2
USDJPY:CUR,1/16/2022,114.31,114.34,114.16,114.3
USDJPY:CUR,1/17/2022,114.2,114.64,114.12,114.6
USDJPY:CUR,1/18/2022,114.62,115.05,114.43,114.61
USDJPY:CUR,1/19/2022,114.6,114.78,114.19,114.32
USDJPY:CUR,1/20/2022,114.32,114.54,113.94,114.09
USDJPY:CUR,1/21/2022,114.09,114.15,113.58,113.68
USDJPY:CUR,1/23/2022,113.67,113.77,113.65,113.74
USDJPY:CUR,1/24/2022,113.64,113.99,113.46,113.92
USDJPY:CUR,1/25/2022,113.97,114.15,113.65,113.86
USDJPY:CUR,1/26/2022,113.88,114.69,113.75,114.63
USDJPY:CUR,1/27/2022,114.63,115.48,114.45,115.34
USDJPY:CUR,1/28/2022,115.35,115.68,115.1,115.24
USDJPY:CUR,1/30/2022,115.23,115.37,115.23,115.27
USDJPY:CUR,1/31/2022,115.21,115.59,114.91,115.1
USDJPY:CUR,2/1/2022,115.11,115.19,114.55,114.71
USDJPY:CUR,2/2/2022,114.71,114.8,114.14,114.44
USDJPY:CUR,2/3/2022,114.45,114.98,114.31,114.95
USDJPY:CUR,2/4/2022,114.95,115.42,114.76,115.2
USDJPY:CUR,2/6/2022,115.35,115.35,115.25,115.25
USDJPY:CUR,2/7/2022,115.2,115.37,114.9,115.12
USDJPY:CUR,2/8/2022,115.08,115.62,115.04,115.54
USDJPY:CUR,2/9/2022,115.53,115.67,115.3,115.49
USDJPY:CUR,2/10/2022,115.49,116.33,115.46,116
USDJPY:CUR,2/11/2022,116,116.17,115,115.41
USDJPY:CUR,2/13/2022,115.91,115.91,115.4,115.53
USDJPY:CUR,2/14/2022,115.26,115.74,114.99,115.53
USDJPY:CUR,2/15/2022,115.53,115.87,115.24,115.62
USDJPY:CUR,2/16/2022,115.62,115.78,115.34,115.46
USDJPY:CUR,2/17/2022,115.48,115.53,114.83,114.93
USDJPY:CUR,2/18/2022,114.92,115.29,114.78,115
USDJPY:CUR,2/21/2022,114.92,115.12,114.7,114.74
USDJPY:CUR,2/22/2022,114.72,115.23,114.48,115.08
USDJPY:CUR,2/23/2022,115.07,115.19,114.9,114.97
USDJPY:CUR,2/24/2022,114.97,115.69,114.39,115.52
USDJPY:CUR,2/25/2022,115.52,115.76,115.13,115.56
USDJPY:CUR,2/28/2022,114.97,115.77,114.85,114.99
USDJPY:CUR,3/1/2022,114.98,115.28,114.68,114.89
USDJPY:CUR,3/2/2022,114.89,115.68,114.77,115.5
USDJPY:CUR,3/3/2022,115.52,115.8,115.37,115.46
USDJPY:CUR,3/4/2022,115.44,115.55,114.63,114.78
USDJPY:CUR,3/7/2022,114.76,115.47,114.76,115.29
USDJPY:CUR,3/8/2022,115.3,115.78,115.25,115.66
USDJPY:CUR,3/9/2022,115.66,115.94,115.54,115.82
USDJPY:CUR,3/10/2022,115.82,116.19,115.8,116.13
USDJPY:CUR,3/11/2022,116.13,117.35,116.09,117.28
USDJPY:CUR,3/14/2022,117.32,118.21,117.29,118.18
USDJPY:CUR,3/15/2022,118.16,118.44,117.69,118.28
USDJPY:CUR,3/16/2022,118.29,119.12,118.16,118.72
USDJPY:CUR,3/17/2022,118.71,119.02,118.35,118.59
USDJPY:CUR,3/18/2022,118.58,119.39,118.45,119.17
USDJPY:CUR,3/21/2022,119.1,119.49,119.03,119.47
USDJPY:CUR,3/22/2022,119.46,121.03,119.42,120.8
USDJPY:CUR,3/23/2022,120.78,121.4,120.58,121.15
USDJPY:CUR,3/24/2022,121.14,122.4,120.94,122.33
USDJPY:CUR,3/25/2022,122.34,122.43,121.17,122.06
USDJPY:CUR,3/28/2022,121.95,125.1,121.94,123.91
USDJPY:CUR,3/29/2022,123.7,124.3,121.97,122.84
USDJPY:CUR,3/30/2022,122.84,123.2,121.3,121.8
USDJPY:CUR,3/31/2022,121.86,122.45,121.26,121.66
USDJPY:CUR,4/1/2022,121.65,123.03,121.65,122.49
USDJPY:CUR,4/4/2022,122.61,122.94,122.25,122.78
USDJPY:CUR,4/5/2022,122.78,123.66,122.36,123.6
USDJPY:CUR,4/6/2022,123.6,124.05,123.46,123.79
USDJPY:CUR,4/7/2022,123.78,124,123.46,123.92
USDJPY:CUR,4/8/2022,123.91,124.67,123.66,124.32
USDJPY:CUR,4/11/2022,124.05,125.77,123.99,125.35
USDJPY:CUR,4/12/2022,125.34,125.75,124.77,125.35
USDJPY:CUR,4/13/2022,125.34,126.31,125.33,125.66
USDJPY:CUR,4/14/2022,125.66,126.01,125.07,125.86
USDJPY:CUR,4/15/2022,125.85,126.68,125.85,126.35
USDJPY:CUR,4/18/2022,126.41,127,126.23,126.97
USDJPY:CUR,4/19/2022,126.99,128.97,126.96,128.9
USDJPY:CUR,4/20/2022,128.9,129.4,127.44,127.88
USDJPY:CUR,4/21/2022,127.88,128.7,127.79,128.39
USDJPY:CUR,4/22/2022,128.37,129.1,127.72,128.56
USDJPY:CUR,4/25/2022,128.58,128.86,127.51,128.12
USDJPY:CUR,4/26/2022,128.14,128.22,127.01,127.22
USDJPY:CUR,4/27/2022,127.21,128.59,126.93,128.42
USDJPY:CUR,4/28/2022,128.42,131.24,128.32,130.85
USDJPY:CUR,4/29/2022,130.85,130.95,129.3,129.83
USDJPY:CUR,5/2/2022,129.77,130.47,129.6,130.14
USDJPY:CUR,5/3/2022,130.12,130.29,129.69,130.1
USDJPY:CUR,5/4/2022,130.09,130.37,128.61,129.07
USDJPY:CUR,5/5/2022,129.05,130.55,128.74,130.13
USDJPY:CUR,5/6/2022,130.17,130.8,130.08,130.56
USDJPY:CUR,5/9/2022,130.5,131.34,130.1,130.25
USDJPY:CUR,5/10/2022,130.25,130.57,129.79,130.43
USDJPY:CUR,5/11/2022,130.44,130.81,129.43,129.96
USDJPY:CUR,5/12/2022,129.88,130.05,127.5,128.32
USDJPY:CUR,5/13/2022,128.33,129.45,128.23,129.19
USDJPY:CUR,5/16/2022,129.25,129.63,128.68,129.16
USDJPY:CUR,5/17/2022,129.16,129.77,128.81,129.39
USDJPY:CUR,5/18/2022,129.37,129.53,128,128.22
USDJPY:CUR,5/19/2022,128.21,128.94,127.01,127.8
USDJPY:CUR,5/20/2022,127.8,128.29,127.52,127.85
USDJPY:CUR,5/23/2022,127.92,128.05,127.13,127.87
USDJPY:CUR,5/24/2022,127.89,128.08,126.35,126.8
USDJPY:CUR,5/25/2022,126.81,127.49,126.63,127.31
USDJPY:CUR,5/26/2022,127.32,127.58,126.54,127.14
USDJPY:CUR,5/27/2022,127.12,127.25,126.66,127.11
USDJPY:CUR,5/30/2022,127.05,127.81,126.85,127.55
USDJPY:CUR,5/31/2022,127.55,128.88,127.52,128.68
USDJPY:CUR,6/1/2022,128.64,130.18,128.62,130.11
USDJPY:CUR,6/2/2022,130.1,130.23,129.5,129.83
USDJPY:CUR,6/3/2022,129.85,130.98,129.66,130.86
USDJPY:CUR,6/6/2022,130.85,132.01,130.41,131.87
USDJPY:CUR,6/7/2022,131.86,132.99,131.85,132.58
USDJPY:CUR,6/8/2022,132.56,134.47,132.56,134.24
USDJPY:CUR,6/9/2022,134.26,134.55,133.17,134.33
USDJPY:CUR,6/10/2022,134.33,134.48,133.35,134.42
USDJPY:CUR,6/13/2022,134.37,135.17,133.58,134.4
USDJPY:CUR,6/14/2022,134.41,135.47,133.85,135.47
USDJPY:CUR,6/15/2022,135.46,135.58,133.49,133.83
USDJPY:CUR,6/16/2022,133.82,134.67,131.48,132.2
USDJPY:CUR,6/17/2022,132.2,135.42,132.15,134.96
USDJPY:CUR,6/20/2022,134.89,135.44,134.52,135.08
USDJPY:CUR,6/21/2022,135.08,136.7,134.91,136.61
USDJPY:CUR,6/22/2022,136.64,136.71,135.67,136.26
USDJPY:CUR,6/23/2022,136.25,136.25,134.25,134.93
USDJPY:CUR,6/24/2022,134.94,135.39,134.34,135.17
USDJPY:CUR,6/27/2022,135.1,135.54,134.5,135.43
USDJPY:CUR,6/28/2022,135.44,136.38,135.1,136.12
USDJPY:CUR,6/29/2022,136.11,136.99,135.77,136.58
USDJPY:CUR,6/30/2022,136.58,136.81,135.54,135.73
USDJPY:CUR,7/1/2022,135.71,135.98,134.74,135.19
USDJPY:CUR,7/4/2022,135.32,135.77,134.77,135.69
USDJPY:CUR,7/5/2022,135.69,136.36,135.51,135.87
USDJPY:CUR,7/6/2022,135.87,136,134.94,135.93
USDJPY:CUR,7/7/2022,135.94,136.22,135.52,135.98
USDJPY:CUR,7/8/2022,136.01,136.56,135.32,136.08
USDJPY:CUR,7/11/2022,136,137.75,135.98,137.42
USDJPY:CUR,7/12/2022,137.43,137.52,136.46,136.86
USDJPY:CUR,7/13/2022,136.87,137.86,136.66,137.42
USDJPY:CUR,7/14/2022,137.42,139.39,137.32,138.9
USDJPY:CUR,7/15/2022,138.96,139.12,138.38,138.53
USDJPY:CUR,7/18/2022,138.53,138.57,137.88,138.12
USDJPY:CUR,7/19/2022,138.12,138.39,137.37,138.18
USDJPY:CUR,7/20/2022,138.18,138.37,137.89,138.2
USDJPY:CUR,7/21/2022,138.22,138.87,137.28,137.37
USDJPY:CUR,7/22/2022,137.37,137.95,135.56,136.05
USDJPY:CUR,7/25/2022,136.07,136.78,135.88,136.66
USDJPY:CUR,7/26/2022,136.68,136.97,136.25,136.91
USDJPY:CUR,7/27/2022,136.91,137.46,136.31,136.55
USDJPY:CUR,7/28/2022,136.55,136.58,134.18,134.28
USDJPY:CUR,7/29/2022,134.25,134.67,132.49,133.19
USDJPY:CUR,8/1/2022,133.2,133.56,131.58,131.61
USDJPY:CUR,8/2/2022,131.61,133.18,130.39,133.16
USDJPY:CUR,8/3/2022,133.16,134.54,132.27,133.86
USDJPY:CUR,8/4/2022,133.85,134.42,132.75,132.85
USDJPY:CUR,8/5/2022,132.85,135.49,132.5,134.97
USDJPY:CUR,8/8/2022,135.01,135.57,134.34,135
USDJPY:CUR,8/9/2022,135,135.2,134.65,135.13
USDJPY:CUR,8/10/2022,135.15,135.3,132.01,132.87
USDJPY:CUR,8/11/2022,132.89,133.31,131.72,133
USDJPY:CUR,8/12/2022,133.02,133.89,132.87,133.48
USDJPY:CUR,8/15/2022,133.43,133.59,132.54,133.32
USDJPY:CUR,8/16/2022,133.29,134.67,132.92,134.21
USDJPY:CUR,8/17/2022,134.21,135.49,133.88,135.01
USDJPY:CUR,8/18/2022,135.01,135.9,134.63,135.88
USDJPY:CUR,8/19/2022,135.89,137.23,135.7,136.93
USDJPY:CUR,8/22/2022,136.87,137.64,136.69,137.47
USDJPY:CUR,8/23/2022,137.47,137.71,135.8,136.78
USDJPY:CUR,8/24/2022,136.77,137.24,136.16,137.11
USDJPY:CUR,8/25/2022,137.1,137.2,136.31,136.5
USDJPY:CUR,8/26/2022,136.49,137.55,136.28,137.52
USDJPY:CUR,8/29/2022,137.63,139,137.54,138.69
USDJPY:CUR,8/30/2022,138.69,139.06,138.03,138.79
USDJPY:CUR,8/31/2022,138.79,139,138.25,138.96
USDJPY:CUR,9/1/2022,138.96,140.22,138.9,140.2
USDJPY:CUR,9/2/2022,140.2,140.79,139.85,140.2
USDJPY:CUR,9/5/2022,140.17,140.66,140.06,140.59
USDJPY:CUR,9/6/2022,140.6,143.07,140.23,142.79
USDJPY:CUR,9/7/2022,142.79,144.98,142.71,143.7
USDJPY:CUR,9/8/2022,143.7,144.55,143.3,144.09
USDJPY:CUR,9/9/2022,144.1,144.12,141.49,142.52
USDJPY:CUR,9/12/2022,142.32,143.49,142.14,142.83
USDJPY:CUR,9/13/2022,142.83,144.68,141.83,144.55
USDJPY:CUR,9/14/2022,144.57,144.95,142.54,143.15
USDJPY:CUR,9/15/2022,143.15,143.8,142.77,143.52
USDJPY:CUR,9/16/2022,143.5,143.68,142.82,142.91
USDJPY:CUR,9/19/2022,142.95,143.64,142.63,143.2
USDJPY:CUR,9/20/2022,143.2,143.92,142.93,143.72
USDJPY:CUR,9/21/2022,143.72,144.7,143.33,144.04
USDJPY:CUR,9/22/2022,144.04,145.89,140.34,142.35
USDJPY:CUR,9/23/2022,142.35,143.46,141.75,143.32
USDJPY:CUR,9/26/2022,143.37,144.78,143.26,144.75
USDJPY:CUR,9/27/2022,144.75,144.9,144.04,144.76
USDJPY:CUR,9/28/2022,144.76,144.86,143.89,144.16
USDJPY:CUR,9/29/2022,144.12,144.79,144.04,144.45
USDJPY:CUR,9/30/2022,144.44,144.82,144.18,144.75
USDJPY:CUR,10/3/2022,144.67,145.2,144.14,144.53
USDJPY:CUR,10/4/2022,144.53,144.93,143.88,144.09
USDJPY:CUR,10/5/2022,144.11,144.84,143.5,144.63
USDJPY:CUR,10/6/2022,144.63,145.14,144.35,145.12
USDJPY:CUR,10/7/2022,145.12,145.44,144.7,145.33
USDJPY:CUR,10/10/2022,145.35,145.85,145.22,145.68
USDJPY:CUR,10/11/2022,145.67,145.89,145.41,145.86
USDJPY:CUR,10/12/2022,145.85,146.98,145.71,146.91
USDJPY:CUR,10/13/2022,146.91,147.67,146.48,147.22
USDJPY:CUR,10/14/2022,147.18,148.86,147.08,148.74
USDJPY:CUR,10/17/2022,148.44,149.08,148.41,149.03
USDJPY:CUR,10/18/2022,149.01,149.34,148.66,149.26
USDJPY:CUR,10/19/2022,149.26,149.9,149.08,149.89
USDJPY:CUR,10/20/2022,149.86,150.28,149.54,150.14
USDJPY:CUR,10/21/2022,150.14,151.94,146.19,147.64
USDJPY:CUR,10/24/2022,147.56,149.69,145.61,148.96
USDJPY:CUR,10/25/2022,148.97,149.09,147.51,147.91
USDJPY:CUR,10/26/2022,147.92,148.41,146.21,146.35
USDJPY:CUR,10/27/2022,146.35,146.92,145.1,146.27
USDJPY:CUR,10/28/2022,146.28,147.87,145.97,147.45
USDJPY:CUR,10/31/2022,147.76,148.84,147.54,148.71
USDJPY:CUR,11/1/2022,148.7,148.82,146.98,148.28
USDJPY:CUR,11/2/2022,148.28,148.37,145.66,147.9
USDJPY:CUR,11/3/2022,147.88,148.44,147.1,148.27
USDJPY:CUR,11/4/2022,148.25,148.4,146.54,146.59
USDJPY:CUR,11/7/2022,147.14,147.56,146.08,146.62
USDJPY:CUR,11/8/2022,146.62,146.93,145.3,145.66
USDJPY:CUR,11/9/2022,145.67,146.79,145.16,146.44
USDJPY:CUR,11/10/2022,146.44,146.59,140.19,140.95
USDJPY:CUR,11/11/2022,140.99,142.48,138.45,138.79
USDJPY:CUR,11/14/2022,138.52,140.79,138.46,139.88
USDJPY:CUR,11/15/2022,139.89,140.62,137.67,139.29
USDJPY:CUR,11/16/2022,139.27,140.29,138.72,139.55
USDJPY:CUR,11/17/2022,139.54,140.74,138.86,140.18
USDJPY:CUR,11/18/2022,140.19,140.5,139.62,140.35
USDJPY:CUR,11/21/2022,140.28,142.25,140.15,142.12
USDJPY:CUR,11/22/2022,142.12,142.24,141.07,141.24
USDJPY:CUR,11/23/2022,141.24,141.61,139.15,139.59
USDJPY:CUR,11/24/2022,139.59,139.63,138.04,138.61
USDJPY:CUR,11/25/2022,138.61,139.59,138.34,139.1
USDJPY:CUR,11/28/2022,139.31,139.42,137.48,138.94
USDJPY:CUR,11/29/2022,138.95,139.35,137.86,138.68
USDJPY:CUR,11/30/2022,138.68,139.89,137.64,138.03
USDJPY:CUR,12/1/2022,138.05,138.11,135.2,135.27
USDJPY:CUR,12/2/2022,135.27,135.97,133.6,134.3
USDJPY:CUR,12/5/2022,134.55,136.86,134.1,136.74
USDJPY:CUR,12/6/2022,136.74,137.46,135.95,137.05
USDJPY:CUR,12/7/2022,137.05,137.85,136.2,136.6
USDJPY:CUR,12/8/2022,136.61,137.24,136.22,136.65
USDJPY:CUR,12/9/2022,136.65,136.89,135.59,136.56
USDJPY:CUR,12/12/2022,136.6,137.84,136.5,137.66
USDJPY:CUR,12/13/2022,137.66,137.97,134.65,135.57
USDJPY:CUR,12/14/2022,135.57,135.99,134.56,135.47
USDJPY:CUR,12/15/2022,135.46,138.17,135.22,137.76
USDJPY:CUR,12/16/2022,137.76,137.83,136.28,136.69
USDJPY:CUR,12/19/2022,136.03,137.16,135.74,136.88
USDJPY:CUR,12/20/2022,136.89,137.47,130.56,131.7
USDJPY:CUR,12/21/2022,131.71,132.52,131.48,132.47
USDJPY:CUR,12/22/2022,132.48,132.72,131.63,132.33
USDJPY:CUR,12/23/2022,132.32,133.14,132.13,132.79
USDJPY:CUR,12/26/2022,132.77,133.22,132.3,132.86
USDJPY:CUR,12/27/2022,132.88,133.59,132.62,133.48
USDJPY:CUR,12/28/2022,133.47,134.49,133.36,134.47
USDJPY:CUR,12/29/2022,134.46,134.47,132.87,133.01
USDJPY:CUR,12/30/2022,133,133.09,130.76,131.11
USDJPY:CUR,1/2/2023,131.11,131.11,130.61,130.73
USDJPY:CUR,1/3/2023,130.84,131.39,129.5,131
USDJPY:CUR,1/4/2023,131.01,132.71,129.91,132.62
USDJPY:CUR,1/5/2023,132.62,134.05,131.67,133.4
USDJPY:CUR,1/6/2023,133.4,134.77,131.98,132.07
USDJPY:CUR,1/9/2023,131.92,132.65,131.29,131.88
USDJPY:CUR,1/10/2023,131.87,132.47,131.37,132.25
USDJPY:CUR,1/11/2023,132.25,132.87,132.05,132.47
USDJPY:CUR,1/12/2023,132.47,132.48,128.86,129.22
USDJPY:CUR,1/13/2023,129.26,129.43,127.45,127.88
USDJPY:CUR,1/16/2023,127.83,128.86,127.21,128.54
USDJPY:CUR,1/17/2023,128.55,129.13,127.98,128.13
USDJPY:CUR,1/18/2023,128.09,131.57,127.55,128.88
USDJPY:CUR,1/19/2023,128.89,128.94,127.75,128.42
USDJPY:CUR,1/20/2023,128.42,130.61,128.33,129.57
USDJPY:CUR,1/23/2023,129.5,130.88,129.03,130.66
USDJPY:CUR,1/24/2023,130.64,131.11,129.72,130.15
USDJPY:CUR,1/25/2023,130.16,130.58,129.25,129.59
USDJPY:CUR,1/26/2023,129.59,130.61,129.01,130.21
USDJPY:CUR,1/27/2023,130.2,130.26,129.48,129.85
USDJPY:CUR,1/30/2023,129.71,130.59,129.18,130.44
USDJPY:CUR,1/31/2023,130.44,130.53,129.73,130.09
USDJPY:CUR,2/1/2023,130.07,130.42,128.53,128.93
USDJPY:CUR,2/2/2023,128.94,129.11,128.07,128.65
USDJPY:CUR,2/3/2023,128.65,131.21,128.32,131.17
USDJPY:CUR,2/6/2023,132.18,132.9,131.5,132.65
USDJPY:CUR,2/7/2023,132.62,132.71,130.46,131.05
USDJPY:CUR,2/8/2023,131.05,131.53,130.59,131.37
USDJPY:CUR,2/9/2023,131.36,131.82,131.21,131.52